Wavelength;Intensity_Meas;Intensity_Ref;Difference_dB
1200.1000;-62.1700;-58.6400;-3.5300
1200.2000;-62.1500;-58.6400;-3.5100
1200.3000;-62.1300;-58.6300;-3.5000
1200.4000;-62.1100;-58.6200;-3.4900
1200.5000;-62.0900;-58.6100;-3.4800
1200.6000;-62.0700;-58.6000;-3.4700
1200.7000;-62.0500;-58.5900;-3.4600
1200.8000;-62.0300;-58.5900;-3.4400
1200.9000;-62.0000;-58.5800;-3.4200
1201.0000;-61.9700;-58.5700;-3.4000
1201.1000;-61.9400;-58.5600;-3.3800
1201.2000;-61.9200;-58.5400;-3.3800
1201.3000;-61.9000;-58.5300;-3.3700
1201.4000;-61.8800;-58.5100;-3.3700
1201.5000;-61.8500;-58.5000;-3.3500
1201.6000;-61.8200;-58.4900;-3.3300
1201.7000;-61.8000;-58.4700;-3.3300
1201.8000;-61.7700;-58.4500;-3.3200
1201.9000;-61.7400;-58.4300;-3.3100
1202.0000;-61.7100;-58.4100;-3.3000
1202.1000;-61.6900;-58.3900;-3.3000
1202.2000;-61.6600;-58.3700;-3.2900
1202.3000;-61.6300;-58.3500;-3.2800
1202.4000;-61.6000;-58.3400;-3.2600
1202.5000;-61.5700;-58.3100;-3.2600
1202.6000;-61.5400;-58.2900;-3.2500
1202.7000;-61.5100;-58.2600;-3.2500
1202.8000;-61.4900;-58.2400;-3.2500
1202.9000;-61.4600;-58.2200;-3.2400
1203.0000;-61.4400;-58.2000;-3.2400
1203.1000;-61.4200;-58.1700;-3.2500
1203.2000;-61.4000;-58.1500;-3.2500
1203.3000;-61.3700;-58.1200;-3.2500
1203.4000;-61.3500;-58.0900;-3.2600
1203.5000;-61.3300;-58.0600;-3.2700
1203.6000;-61.3100;-58.0400;-3.2700
1203.7000;-61.2800;-58.0200;-3.2600
1203.8000;-61.2600;-57.9900;-3.2700
1203.9000;-61.2400;-57.9700;-3.2700
1204.0000;-61.2100;-57.9500;-3.2600
1204.1000;-61.1900;-57.9200;-3.2700
1204.2000;-61.1800;-57.9000;-3.2800
1204.3000;-61.1600;-57.8800;-3.2800
1204.4000;-61.1400;-57.8600;-3.2800
1204.5000;-61.1200;-57.8400;-3.2800
1204.6000;-61.0900;-57.8200;-3.2700
1204.7000;-61.0700;-57.8000;-3.2700
1204.8000;-61.0600;-57.7800;-3.2800
1204.9000;-61.0400;-57.7700;-3.2700
1205.0000;-61.0300;-57.7500;-3.2800
1205.1000;-61.0100;-57.7400;-3.2700
1205.2000;-60.9900;-57.7200;-3.2700
1205.3000;-60.9600;-57.7000;-3.2600
1205.4000;-60.9400;-57.6900;-3.2500
1205.5000;-60.9200;-57.6700;-3.2500
1205.6000;-60.9100;-57.6600;-3.2500
1205.7000;-60.8900;-57.6500;-3.2400
1205.8000;-60.8700;-57.6400;-3.2300
1205.9000;-60.8500;-57.6300;-3.2200
1206.0000;-60.8300;-57.6100;-3.2200
1206.1000;-60.8100;-57.6000;-3.2100
1206.2000;-60.7900;-57.5900;-3.2000
1206.3000;-60.7800;-57.5800;-3.2000
1206.4000;-60.7700;-57.5700;-3.2000
1206.5000;-60.7500;-57.5600;-3.1900
1206.6000;-60.7300;-57.5500;-3.1800
1206.7000;-60.7100;-57.5400;-3.1700
1206.8000;-60.7000;-57.5300;-3.1700
1206.9000;-60.6800;-57.5200;-3.1600
1207.0000;-60.6600;-57.5100;-3.1500
1207.1000;-60.6400;-57.5000;-3.1400
1207.2000;-60.6200;-57.4900;-3.1300
1207.3000;-60.6000;-57.4800;-3.1200
1207.4000;-60.5800;-57.4600;-3.1200
1207.5000;-60.5600;-57.4500;-3.1100
1207.6000;-60.5400;-57.4400;-3.1000
1207.7000;-60.5200;-57.4300;-3.0900
1207.8000;-60.5000;-57.4100;-3.0900
1207.9000;-60.4800;-57.4000;-3.0800
1208.0000;-60.4600;-57.3900;-3.0700
1208.1000;-60.4400;-57.3700;-3.0700
1208.2000;-60.4200;-57.3600;-3.0600
1208.3000;-60.4000;-57.3400;-3.0600
1208.4000;-60.3800;-57.3200;-3.0600
1208.5000;-60.3500;-57.3000;-3.0500
1208.6000;-60.3300;-57.2800;-3.0500
1208.7000;-60.3100;-57.2600;-3.0500
1208.8000;-60.2800;-57.2400;-3.0400
1208.9000;-60.2600;-57.2200;-3.0400
1209.0000;-60.2400;-57.2000;-3.0400
1209.1000;-60.2200;-57.1700;-3.0500
1209.2000;-60.1900;-57.1500;-3.0400
1209.3000;-60.1700;-57.1300;-3.0400
1209.4000;-60.1500;-57.1000;-3.0500
1209.5000;-60.1200;-57.0800;-3.0400
1209.6000;-60.0900;-57.0500;-3.0400
1209.7000;-60.0700;-57.0300;-3.0400
1209.8000;-60.0400;-57.0000;-3.0400
1209.9000;-60.0200;-56.9700;-3.0500
1210.0000;-59.9900;-56.9500;-3.0400
1210.1000;-59.9700;-56.9200;-3.0500
1210.2000;-59.9500;-56.8900;-3.0600
1210.3000;-59.9200;-56.8600;-3.0600
1210.4000;-59.9000;-56.8400;-3.0600
1210.5000;-59.8800;-56.8100;-3.0700
1210.6000;-59.8600;-56.7800;-3.0800
1210.7000;-59.8400;-56.7600;-3.0800
1210.8000;-59.8200;-56.7300;-3.0900
1210.9000;-59.8000;-56.7100;-3.0900
1211.0000;-59.7800;-56.6800;-3.1000
1211.1000;-59.7600;-56.6500;-3.1100
1211.2000;-59.7500;-56.6300;-3.1200
1211.3000;-59.7300;-56.6000;-3.1300
1211.4000;-59.7200;-56.5800;-3.1400
1211.5000;-59.7100;-56.5600;-3.1500
1211.6000;-59.7000;-56.5300;-3.1700
1211.7000;-59.6900;-56.5100;-3.1800
1211.8000;-59.6900;-56.4900;-3.2000
1211.9000;-59.6800;-56.4600;-3.2200
1212.0000;-59.6800;-56.4400;-3.2400
1212.1000;-59.6700;-56.4300;-3.2400
1212.2000;-59.6700;-56.4100;-3.2600
1212.3000;-59.6700;-56.3900;-3.2800
1212.4000;-59.6700;-56.3700;-3.3000
1212.5000;-59.6700;-56.3500;-3.3200
1212.6000;-59.6700;-56.3300;-3.3400
1212.7000;-59.6700;-56.3100;-3.3600
1212.8000;-59.6700;-56.3000;-3.3700
1212.9000;-59.6700;-56.2800;-3.3900
1213.0000;-59.6700;-56.2700;-3.4000
1213.1000;-59.6700;-56.2500;-3.4200
1213.2000;-59.6700;-56.2300;-3.4400
1213.3000;-59.6700;-56.2200;-3.4500
1213.4000;-59.6700;-56.2000;-3.4700
1213.5000;-59.6700;-56.1900;-3.4800
1213.6000;-59.6700;-56.1700;-3.5000
1213.7000;-59.6600;-56.1600;-3.5000
1213.8000;-59.6600;-56.1400;-3.5200
1213.9000;-59.6600;-56.1300;-3.5300
1214.0000;-59.6500;-56.1100;-3.5400
1214.1000;-59.6500;-56.0900;-3.5600
1214.2000;-59.6400;-56.0800;-3.5600
1214.3000;-59.6300;-56.0600;-3.5700
1214.4000;-59.6200;-56.0400;-3.5800
1214.5000;-59.6100;-56.0300;-3.5800
1214.6000;-59.6000;-56.0100;-3.5900
1214.7000;-59.5800;-55.9900;-3.5900
1214.8000;-59.5700;-55.9700;-3.6000
1214.9000;-59.5600;-55.9500;-3.6100
1215.0000;-59.5400;-55.9300;-3.6100
1215.1000;-59.5200;-55.9000;-3.6200
1215.2000;-59.5100;-55.8800;-3.6300
1215.3000;-59.4900;-55.8600;-3.6300
1215.4000;-59.4800;-55.8400;-3.6400
1215.5000;-59.4600;-55.8200;-3.6400
1215.6000;-59.4400;-55.7900;-3.6500
1215.7000;-59.4300;-55.7700;-3.6600
1215.8000;-59.4100;-55.7400;-3.6700
1215.9000;-59.3900;-55.7200;-3.6700
1216.0000;-59.3800;-55.6900;-3.6900
1216.1000;-59.3600;-55.6600;-3.7000
1216.2000;-59.3400;-55.6300;-3.7100
1216.3000;-59.3300;-55.6100;-3.7200
1216.4000;-59.3100;-55.5800;-3.7300
1216.5000;-59.2900;-55.5500;-3.7400
1216.6000;-59.2700;-55.5200;-3.7500
1216.7000;-59.2500;-55.4900;-3.7600
1216.8000;-59.2300;-55.4600;-3.7700
1216.9000;-59.2000;-55.4300;-3.7700
1217.0000;-59.1800;-55.4000;-3.7800
1217.1000;-59.1600;-55.3700;-3.7900
1217.2000;-59.1400;-55.3400;-3.8000
1217.3000;-59.1200;-55.3100;-3.8100
1217.4000;-59.1000;-55.2800;-3.8200
1217.5000;-59.0800;-55.2500;-3.8300
1217.6000;-59.0500;-55.2200;-3.8300
1217.7000;-59.0300;-55.1900;-3.8400
1217.8000;-59.0000;-55.1600;-3.8400
1217.9000;-58.9700;-55.1300;-3.8400
1218.0000;-58.9500;-55.1000;-3.8500
1218.1000;-58.9200;-55.0700;-3.8500
1218.2000;-58.8900;-55.0400;-3.8500
1218.3000;-58.8600;-55.0100;-3.8500
1218.4000;-58.8300;-54.9900;-3.8400
1218.5000;-58.8000;-54.9600;-3.8400
1218.6000;-58.7600;-54.9300;-3.8300
1218.7000;-58.7300;-54.9100;-3.8200
1218.8000;-58.7000;-54.8800;-3.8200
1218.9000;-58.6600;-54.8600;-3.8000
1219.0000;-58.6300;-54.8300;-3.8000
1219.1000;-58.5900;-54.8100;-3.7800
1219.2000;-58.5500;-54.7800;-3.7700
1219.3000;-58.5200;-54.7600;-3.7600
1219.4000;-58.4800;-54.7400;-3.7400
1219.5000;-58.4400;-54.7200;-3.7200
1219.6000;-58.4000;-54.6900;-3.7100
1219.7000;-58.3600;-54.6700;-3.6900
1219.8000;-58.3300;-54.6500;-3.6800
1219.9000;-58.2900;-54.6300;-3.6600
1220.0000;-58.2500;-54.6100;-3.6400
1220.1000;-58.2100;-54.5900;-3.6200
1220.2000;-58.1800;-54.5700;-3.6100
1220.3000;-58.1400;-54.5500;-3.5900
1220.4000;-58.1000;-54.5300;-3.5700
1220.5000;-58.0600;-54.5100;-3.5500
1220.6000;-58.0200;-54.4800;-3.5400
1220.7000;-57.9800;-54.4600;-3.5200
1220.8000;-57.9400;-54.4400;-3.5000
1220.9000;-57.9000;-54.4200;-3.4800
1221.0000;-57.8500;-54.3900;-3.4600
1221.1000;-57.8100;-54.3700;-3.4400
1221.2000;-57.7700;-54.3400;-3.4300
1221.3000;-57.7200;-54.3200;-3.4000
1221.4000;-57.6800;-54.2900;-3.3900
1221.5000;-57.6400;-54.2700;-3.3700
1221.6000;-57.5900;-54.2400;-3.3500
1221.7000;-57.5500;-54.2100;-3.3400
1221.8000;-57.5000;-54.1800;-3.3200
1221.9000;-57.4500;-54.1500;-3.3000
1222.0000;-57.4100;-54.1200;-3.2900
1222.1000;-57.3600;-54.0900;-3.2700
1222.2000;-57.3100;-54.0600;-3.2500
1222.3000;-57.2600;-54.0300;-3.2300
1222.4000;-57.2100;-54.0000;-3.2100
1222.5000;-57.1600;-53.9600;-3.2000
1222.6000;-57.1100;-53.9300;-3.1800
1222.7000;-57.0600;-53.9000;-3.1600
1222.8000;-57.0100;-53.8600;-3.1500
1222.9000;-56.9500;-53.8300;-3.1200
1223.0000;-56.9000;-53.7900;-3.1100
1223.1000;-56.8500;-53.7600;-3.0900
1223.2000;-56.8000;-53.7200;-3.0800
1223.3000;-56.7500;-53.6800;-3.0700
1223.4000;-56.7000;-53.6500;-3.0500
1223.5000;-56.6500;-53.6100;-3.0400
1223.6000;-56.6000;-53.5700;-3.0300
1223.7000;-56.5500;-53.5400;-3.0100
1223.8000;-56.5100;-53.5000;-3.0100
1223.9000;-56.4600;-53.4600;-3.0000
1224.0000;-56.4100;-53.4200;-2.9900
1224.1000;-56.3700;-53.3900;-2.9800
1224.2000;-56.3200;-53.3500;-2.9700
1224.3000;-56.2800;-53.3100;-2.9700
1224.4000;-56.2400;-53.2700;-2.9700
1224.5000;-56.2000;-53.2300;-2.9700
1224.6000;-56.1600;-53.2000;-2.9600
1224.7000;-56.1200;-53.1600;-2.9600
1224.8000;-56.0800;-53.1200;-2.9600
1224.9000;-56.0500;-53.0900;-2.9600
1225.0000;-56.0200;-53.0500;-2.9700
1225.1000;-55.9900;-53.0100;-2.9800
1225.2000;-55.9600;-52.9800;-2.9800
1225.3000;-55.9300;-52.9400;-2.9900
1225.4000;-55.9000;-52.9100;-2.9900
1225.5000;-55.8700;-52.8800;-2.9900
1225.6000;-55.8500;-52.8400;-3.0100
1225.7000;-55.8300;-52.8100;-3.0200
1225.8000;-55.8100;-52.7800;-3.0300
1225.9000;-55.7900;-52.7500;-3.0400
1226.0000;-55.7700;-52.7200;-3.0500
1226.1000;-55.7500;-52.6900;-3.0600
1226.2000;-55.7400;-52.6600;-3.0800
1226.3000;-55.7200;-52.6200;-3.1000
1226.4000;-55.7100;-52.5900;-3.1200
1226.5000;-55.7000;-52.5600;-3.1400
1226.6000;-55.6800;-52.5300;-3.1500
1226.7000;-55.6700;-52.5000;-3.1700
1226.8000;-55.6600;-52.4700;-3.1900
1226.9000;-55.6500;-52.4400;-3.2100
1227.0000;-55.6400;-52.4100;-3.2300
1227.1000;-55.6300;-52.3800;-3.2500
1227.2000;-55.6200;-52.3500;-3.2700
1227.3000;-55.6100;-52.3200;-3.2900
1227.4000;-55.6000;-52.2900;-3.3100
1227.5000;-55.5900;-52.2600;-3.3300
1227.6000;-55.5800;-52.2300;-3.3500
1227.7000;-55.5700;-52.2000;-3.3700
1227.8000;-55.5600;-52.1600;-3.4000
1227.9000;-55.5500;-52.1300;-3.4200
1228.0000;-55.5400;-52.1000;-3.4400
1228.1000;-55.5200;-52.0700;-3.4500
1228.2000;-55.5100;-52.0300;-3.4800
1228.3000;-55.5000;-52.0000;-3.5000
1228.4000;-55.4900;-51.9600;-3.5300
1228.5000;-55.4800;-51.9300;-3.5500
1228.6000;-55.4700;-51.8900;-3.5800
1228.7000;-55.4600;-51.8600;-3.6000
1228.8000;-55.4400;-51.8200;-3.6200
1228.9000;-55.4300;-51.7800;-3.6500
1229.0000;-55.4100;-51.7400;-3.6700
1229.1000;-55.4000;-51.7000;-3.7000
1229.2000;-55.3900;-51.6700;-3.7200
1229.3000;-55.3700;-51.6200;-3.7500
1229.4000;-55.3600;-51.5800;-3.7800
1229.5000;-55.3500;-51.5400;-3.8100
1229.6000;-55.3300;-51.5000;-3.8300
1229.7000;-55.3200;-51.4600;-3.8600
1229.8000;-55.3000;-51.4100;-3.8900
1229.9000;-55.2900;-51.3700;-3.9200
1230.0000;-55.2800;-51.3300;-3.9500
1230.1000;-55.2600;-51.2800;-3.9800
1230.2000;-55.2500;-51.2400;-4.0100
1230.3000;-55.2300;-51.1900;-4.0400
1230.4000;-55.2200;-51.1500;-4.0700
1230.5000;-55.2000;-51.1000;-4.1000
1230.6000;-55.1900;-51.0600;-4.1300
1230.7000;-55.1800;-51.0100;-4.1700
1230.8000;-55.1700;-50.9700;-4.2000
1230.9000;-55.1600;-50.9300;-4.2300
1231.0000;-55.1500;-50.8900;-4.2600
1231.1000;-55.1400;-50.8500;-4.2900
1231.2000;-55.1400;-50.8100;-4.3300
1231.3000;-55.1300;-50.7600;-4.3700
1231.4000;-55.1200;-50.7200;-4.4000
1231.5000;-55.1100;-50.6800;-4.4300
1231.6000;-55.1000;-50.6400;-4.4600
1231.7000;-55.0800;-50.6000;-4.4800
1231.8000;-55.0700;-50.5600;-4.5100
1231.9000;-55.0600;-50.5200;-4.5400
1232.0000;-55.0400;-50.4800;-4.5600
1232.1000;-55.0300;-50.4500;-4.5800
1232.2000;-55.0200;-50.4100;-4.6100
1232.3000;-55.0000;-50.3700;-4.6300
1232.4000;-54.9800;-50.3300;-4.6500
1232.5000;-54.9600;-50.2900;-4.6700
1232.6000;-54.9400;-50.2500;-4.6900
1232.7000;-54.9200;-50.2200;-4.7000
1232.8000;-54.9000;-50.1800;-4.7200
1232.9000;-54.8800;-50.1400;-4.7400
1233.0000;-54.8600;-50.1000;-4.7600
1233.1000;-54.8300;-50.0700;-4.7600
1233.2000;-54.8000;-50.0300;-4.7700
1233.3000;-54.7800;-49.9900;-4.7900
1233.4000;-54.7500;-49.9600;-4.7900
1233.5000;-54.7100;-49.9200;-4.7900
1233.6000;-54.6800;-49.8800;-4.8000
1233.7000;-54.6400;-49.8400;-4.8000
1233.8000;-54.6100;-49.8100;-4.8000
1233.9000;-54.5700;-49.7700;-4.8000
1234.0000;-54.5300;-49.7300;-4.8000
1234.1000;-54.4900;-49.6900;-4.8000
1234.2000;-54.4500;-49.6500;-4.8000
1234.3000;-54.4100;-49.6100;-4.8000
1234.4000;-54.3600;-49.5700;-4.7900
1234.5000;-54.3200;-49.5300;-4.7900
1234.6000;-54.2700;-49.4900;-4.7800
1234.7000;-54.2200;-49.4500;-4.7700
1234.8000;-54.1700;-49.4100;-4.7600
1234.9000;-54.1200;-49.3600;-4.7600
1235.0000;-54.0700;-49.3200;-4.7500
1235.1000;-54.0200;-49.2700;-4.7500
1235.2000;-53.9700;-49.2300;-4.7400
1235.3000;-53.9200;-49.1800;-4.7400
1235.4000;-53.8600;-49.1300;-4.7300
1235.5000;-53.8100;-49.0800;-4.7300
1235.6000;-53.7500;-49.0400;-4.7100
1235.7000;-53.7000;-48.9800;-4.7200
1235.8000;-53.6500;-48.9300;-4.7200
1235.9000;-53.5900;-48.8800;-4.7100
1236.0000;-53.5400;-48.8300;-4.7100
1236.1000;-53.4800;-48.7700;-4.7100
1236.2000;-53.4300;-48.7200;-4.7100
1236.3000;-53.3800;-48.6700;-4.7100
1236.4000;-53.3200;-48.6100;-4.7100
1236.5000;-53.2700;-48.5600;-4.7100
1236.6000;-53.2200;-48.5000;-4.7200
1236.7000;-53.1600;-48.4400;-4.7200
1236.8000;-53.1100;-48.3900;-4.7200
1236.9000;-53.0600;-48.3300;-4.7300
1237.0000;-53.0100;-48.2800;-4.7300
1237.1000;-52.9600;-48.2200;-4.7400
1237.2000;-52.9100;-48.1600;-4.7500
1237.3000;-52.8700;-48.1100;-4.7600
1237.4000;-52.8200;-48.0500;-4.7700
1237.5000;-52.7700;-48.0000;-4.7700
1237.6000;-52.7300;-47.9400;-4.7900
1237.7000;-52.6800;-47.8900;-4.7900
1237.8000;-52.6400;-47.8300;-4.8100
1237.9000;-52.5900;-47.7800;-4.8100
1238.0000;-52.5500;-47.7200;-4.8300
1238.1000;-52.5000;-47.6700;-4.8300
1238.2000;-52.4600;-47.6100;-4.8500
1238.3000;-52.4200;-47.5600;-4.8600
1238.4000;-52.3700;-47.5100;-4.8600
1238.5000;-52.3300;-47.4500;-4.8800
1238.6000;-52.2800;-47.4000;-4.8800
1238.7000;-52.2400;-47.3500;-4.8900
1238.8000;-52.2000;-47.2900;-4.9100
1238.9000;-52.1500;-47.2400;-4.9100
1239.0000;-52.1100;-47.1900;-4.9200
1239.1000;-52.0600;-47.1400;-4.9200
1239.2000;-52.0200;-47.0800;-4.9400
1239.3000;-51.9700;-47.0300;-4.9400
1239.4000;-51.9200;-46.9800;-4.9400
1239.5000;-51.8700;-46.9200;-4.9500
1239.6000;-51.8300;-46.8700;-4.9600
1239.7000;-51.7800;-46.8200;-4.9600
1239.8000;-51.7300;-46.7600;-4.9700
1239.9000;-51.6800;-46.7100;-4.9700
1240.0000;-51.6300;-46.6500;-4.9800
1240.1000;-51.5800;-46.6000;-4.9800
1240.2000;-51.5200;-46.5400;-4.9800
1240.3000;-51.4700;-46.4900;-4.9800
1240.4000;-51.4200;-46.4300;-4.9900
1240.5000;-51.3600;-46.3700;-4.9900
1240.6000;-51.3000;-46.3100;-4.9900
1240.7000;-51.2400;-46.2500;-4.9900
1240.8000;-51.1800;-46.1900;-4.9900
1240.9000;-51.1200;-46.1300;-4.9900
1241.0000;-51.0600;-46.0600;-5.0000
1241.1000;-51.0000;-46.0000;-5.0000
1241.2000;-50.9300;-45.9300;-5.0000
1241.3000;-50.8700;-45.8700;-5.0000
1241.4000;-50.8000;-45.8000;-5.0000
1241.5000;-50.7400;-45.7300;-5.0100
1241.6000;-50.6700;-45.6600;-5.0100
1241.7000;-50.6000;-45.6000;-5.0000
1241.8000;-50.5300;-45.5300;-5.0000
1241.9000;-50.4700;-45.4600;-5.0100
1242.0000;-50.4000;-45.3800;-5.0200
1242.1000;-50.3300;-45.3100;-5.0200
1242.2000;-50.2600;-45.2400;-5.0200
1242.3000;-50.2000;-45.1700;-5.0300
1242.4000;-50.1300;-45.0900;-5.0400
1242.5000;-50.0600;-45.0200;-5.0400
1242.6000;-49.9900;-44.9400;-5.0500
1242.7000;-49.9200;-44.8700;-5.0500
1242.8000;-49.8500;-44.7900;-5.0600
1242.9000;-49.7800;-44.7200;-5.0600
1243.0000;-49.7100;-44.6400;-5.0700
1243.1000;-49.6400;-44.5600;-5.0800
1243.2000;-49.5600;-44.4900;-5.0700
1243.3000;-49.4900;-44.4100;-5.0800
1243.4000;-49.4200;-44.3300;-5.0900
1243.5000;-49.3500;-44.2600;-5.0900
1243.6000;-49.2800;-44.1800;-5.1000
1243.7000;-49.2100;-44.1000;-5.1100
1243.8000;-49.1400;-44.0300;-5.1100
1243.9000;-49.0600;-43.9500;-5.1100
1244.0000;-48.9900;-43.8800;-5.1100
1244.1000;-48.9200;-43.8000;-5.1200
1244.2000;-48.8400;-43.7300;-5.1100
1244.3000;-48.7700;-43.6500;-5.1200
1244.4000;-48.6900;-43.5800;-5.1100
1244.5000;-48.6200;-43.5000;-5.1200
1244.6000;-48.5400;-43.4300;-5.1100
1244.7000;-48.4700;-43.3600;-5.1100
1244.8000;-48.3900;-43.2800;-5.1100
1244.9000;-48.3100;-43.2100;-5.1000
1245.0000;-48.2300;-43.1400;-5.0900
1245.1000;-48.1500;-43.0700;-5.0800
1245.2000;-48.0700;-43.0000;-5.0700
1245.3000;-47.9900;-42.9300;-5.0600
1245.4000;-47.9100;-42.8500;-5.0600
1245.5000;-47.8200;-42.7800;-5.0400
1245.6000;-47.7400;-42.7100;-5.0300
1245.7000;-47.6500;-42.6400;-5.0100
1245.8000;-47.5600;-42.5600;-5.0000
1245.9000;-47.4700;-42.4900;-4.9800
1246.0000;-47.3800;-42.4200;-4.9600
1246.1000;-47.2900;-42.3500;-4.9400
1246.2000;-47.2000;-42.2700;-4.9300
1246.3000;-47.1100;-42.2000;-4.9100
1246.4000;-47.0100;-42.1200;-4.8900
1246.5000;-46.9200;-42.0500;-4.8700
1246.6000;-46.8200;-41.9700;-4.8500
1246.7000;-46.7300;-41.9000;-4.8300
1246.8000;-46.6300;-41.8200;-4.8100
1246.9000;-46.5300;-41.7400;-4.7900
1247.0000;-46.4400;-41.6600;-4.7800
1247.1000;-46.3400;-41.5800;-4.7600
1247.2000;-46.2400;-41.5000;-4.7400
1247.3000;-46.1400;-41.4200;-4.7200
1247.4000;-46.0500;-41.3400;-4.7100
1247.5000;-45.9500;-41.2600;-4.6900
1247.6000;-45.8500;-41.1800;-4.6700
1247.7000;-45.7600;-41.1000;-4.6600
1247.8000;-45.6600;-41.0100;-4.6500
1247.9000;-45.5700;-40.9300;-4.6400
1248.0000;-45.4800;-40.8400;-4.6400
1248.1000;-45.3800;-40.7600;-4.6200
1248.2000;-45.2900;-40.6700;-4.6200
1248.3000;-45.2000;-40.5900;-4.6100
1248.4000;-45.1100;-40.5000;-4.6100
1248.5000;-45.0300;-40.4100;-4.6200
1248.6000;-44.9400;-40.3300;-4.6100
1248.7000;-44.8500;-40.2400;-4.6100
1248.8000;-44.7700;-40.1600;-4.6100
1248.9000;-44.6900;-40.0700;-4.6200
1249.0000;-44.6100;-39.9800;-4.6300
1249.1000;-44.5300;-39.9000;-4.6300
1249.2000;-44.4500;-39.8100;-4.6400
1249.3000;-44.3800;-39.7300;-4.6500
1249.4000;-44.3000;-39.6400;-4.6600
1249.5000;-44.2300;-39.5600;-4.6700
1249.6000;-44.1600;-39.4700;-4.6900
1249.7000;-44.0900;-39.3900;-4.7000
1249.8000;-44.0200;-39.3000;-4.7200
1249.9000;-43.9600;-39.2200;-4.7400
1250.0000;-43.8900;-39.1400;-4.7500
1250.1000;-43.8300;-39.0500;-4.7800
1250.2000;-43.7700;-38.9700;-4.8000
1250.3000;-43.7100;-38.8900;-4.8200
1250.4000;-43.6500;-38.8100;-4.8400
1250.5000;-43.6000;-38.7300;-4.8700
1250.6000;-43.5400;-38.6500;-4.8900
1250.7000;-43.4900;-38.5700;-4.9200
1250.8000;-43.4400;-38.4900;-4.9500
1250.9000;-43.3900;-38.4200;-4.9700
1251.0000;-43.3500;-38.3400;-5.0100
1251.1000;-43.3000;-38.2700;-5.0300
1251.2000;-43.2600;-38.1900;-5.0700
1251.3000;-43.2200;-38.1200;-5.1000
1251.4000;-43.1800;-38.0400;-5.1400
1251.5000;-43.1400;-37.9700;-5.1700
1251.6000;-43.1000;-37.8900;-5.2100
1251.7000;-43.0600;-37.8200;-5.2400
1251.8000;-43.0300;-37.7500;-5.2800
1251.9000;-42.9900;-37.6700;-5.3200
1252.0000;-42.9600;-37.6000;-5.3600
1252.1000;-42.9200;-37.5200;-5.4000
1252.2000;-42.8900;-37.4500;-5.4400
1252.3000;-42.8600;-37.3700;-5.4900
1252.4000;-42.8300;-37.2900;-5.5400
1252.5000;-42.8100;-37.2200;-5.5900
1252.6000;-42.7800;-37.1400;-5.6400
1252.7000;-42.7600;-37.0700;-5.6900
1252.8000;-42.7400;-36.9900;-5.7500
1252.9000;-42.7100;-36.9100;-5.8000
1253.0000;-42.7000;-36.8400;-5.8600
1253.1000;-42.6800;-36.7600;-5.9200
1253.2000;-42.6700;-36.6800;-5.9900
1253.3000;-42.6500;-36.6000;-6.0500
1253.4000;-42.6400;-36.5200;-6.1200
1253.5000;-42.6400;-36.4400;-6.2000
1253.6000;-42.6300;-36.3600;-6.2700
1253.7000;-42.6300;-36.2800;-6.3500
1253.8000;-42.6300;-36.2000;-6.4300
1253.9000;-42.6400;-36.1200;-6.5200
1254.0000;-42.6500;-36.0300;-6.6200
1254.1000;-42.6600;-35.9500;-6.7100
1254.2000;-42.6700;-35.8700;-6.8000
1254.3000;-42.6900;-35.7800;-6.9100
1254.4000;-42.7100;-35.7000;-7.0100
1254.5000;-42.7400;-35.6200;-7.1200
1254.6000;-42.7700;-35.5400;-7.2300
1254.7000;-42.8000;-35.4600;-7.3400
1254.8000;-42.8300;-35.3700;-7.4600
1254.9000;-42.8700;-35.2900;-7.5800
1255.0000;-42.9100;-35.2100;-7.7000
1255.1000;-42.9500;-35.1300;-7.8200
1255.2000;-43.0000;-35.0500;-7.9500
1255.3000;-43.0500;-34.9700;-8.0800
1255.4000;-43.1000;-34.8900;-8.2100
1255.5000;-43.1600;-34.8100;-8.3500
1255.6000;-43.2100;-34.7300;-8.4800
1255.7000;-43.2700;-34.6600;-8.6100
1255.8000;-43.3300;-34.5800;-8.7500
1255.9000;-43.3900;-34.5000;-8.8900
1256.0000;-43.4600;-34.4300;-9.0300
1256.1000;-43.5200;-34.3500;-9.1700
1256.2000;-43.5800;-34.2800;-9.3000
1256.3000;-43.6500;-34.2100;-9.4400
1256.4000;-43.7100;-34.1300;-9.5800
1256.5000;-43.7700;-34.0600;-9.7100
1256.6000;-43.8300;-33.9900;-9.8400
1256.7000;-43.8900;-33.9200;-9.9700
1256.8000;-43.9500;-33.8400;-10.1100
1256.9000;-44.0100;-33.7700;-10.2400
1257.0000;-44.0700;-33.7000;-10.3700
1257.1000;-44.1200;-33.6300;-10.4900
1257.2000;-44.1700;-33.5600;-10.6100
1257.3000;-44.2200;-33.4900;-10.7300
1257.4000;-44.2600;-33.4200;-10.8400
1257.5000;-44.3000;-33.3500;-10.9500
1257.6000;-44.3400;-33.2800;-11.0600
1257.7000;-44.3700;-33.2200;-11.1500
1257.8000;-44.4000;-33.1500;-11.2500
1257.9000;-44.4300;-33.0800;-11.3500
1258.0000;-44.4400;-33.0100;-11.4300
1258.1000;-44.4600;-32.9400;-11.5200
1258.2000;-44.4600;-32.8700;-11.5900
1258.3000;-44.4600;-32.8000;-11.6600
1258.4000;-44.4500;-32.7300;-11.7200
1258.5000;-44.4200;-32.6600;-11.7600
1258.6000;-44.4000;-32.5900;-11.8100
1258.7000;-44.3500;-32.5200;-11.8300
1258.8000;-44.3000;-32.4500;-11.8500
1258.9000;-44.2400;-32.3800;-11.8600
1259.0000;-44.1700;-32.3000;-11.8700
1259.1000;-44.0800;-32.2300;-11.8500
1259.2000;-43.9800;-32.1600;-11.8200
1259.3000;-43.8700;-32.0900;-11.7800
1259.4000;-43.7500;-32.0100;-11.7400
1259.5000;-43.6100;-31.9400;-11.6700
1259.6000;-43.4600;-31.8600;-11.6000
1259.7000;-43.3000;-31.7900;-11.5100
1259.8000;-43.1300;-31.7100;-11.4200
1259.9000;-42.9400;-31.6400;-11.3000
1260.0000;-42.7500;-31.5700;-11.1800
1260.1000;-42.5500;-31.4900;-11.0600
1260.2000;-42.3400;-31.4200;-10.9200
1260.3000;-42.1200;-31.3400;-10.7800
1260.4000;-41.9000;-31.2700;-10.6300
1260.5000;-41.6700;-31.1900;-10.4800
1260.6000;-41.4400;-31.1200;-10.3200
1260.7000;-41.2000;-31.0500;-10.1500
1260.8000;-40.9600;-30.9700;-9.9900
1260.9000;-40.7200;-30.9000;-9.8200
1261.0000;-40.4800;-30.8300;-9.6500
1261.1000;-40.2400;-30.7500;-9.4900
1261.2000;-40.0000;-30.6800;-9.3200
1261.3000;-39.7600;-30.6100;-9.1500
1261.4000;-39.5200;-30.5400;-8.9800
1261.5000;-39.2800;-30.4700;-8.8100
1261.6000;-39.0400;-30.4000;-8.6400
1261.7000;-38.8100;-30.3300;-8.4800
1261.8000;-38.5800;-30.2700;-8.3100
1261.9000;-38.3500;-30.2000;-8.1500
1262.0000;-38.1200;-30.1300;-7.9900
1262.1000;-37.9000;-30.0600;-7.8400
1262.2000;-37.6800;-30.0000;-7.6800
1262.3000;-37.4600;-29.9300;-7.5300
1262.4000;-37.2500;-29.8700;-7.3800
1262.5000;-37.0400;-29.8000;-7.2400
1262.6000;-36.8300;-29.7400;-7.0900
1262.7000;-36.6300;-29.6800;-6.9500
1262.8000;-36.4200;-29.6100;-6.8100
1262.9000;-36.2300;-29.5500;-6.6800
1263.0000;-36.0300;-29.4900;-6.5400
1263.1000;-35.8400;-29.4200;-6.4200
1263.2000;-35.6500;-29.3600;-6.2900
1263.3000;-35.4700;-29.3000;-6.1700
1263.4000;-35.2900;-29.2300;-6.0600
1263.5000;-35.1100;-29.1700;-5.9400
1263.6000;-34.9300;-29.1100;-5.8200
1263.7000;-34.7600;-29.0400;-5.7200
1263.8000;-34.6000;-28.9800;-5.6200
1263.9000;-34.4300;-28.9200;-5.5100
1264.0000;-34.2700;-28.8500;-5.4200
1264.1000;-34.1000;-28.7900;-5.3100
1264.2000;-33.9500;-28.7200;-5.2300
1264.3000;-33.7900;-28.6600;-5.1300
1264.4000;-33.6400;-28.5900;-5.0500
1264.5000;-33.4900;-28.5300;-4.9600
1264.6000;-33.3500;-28.4600;-4.8900
1264.7000;-33.2000;-28.4000;-4.8000
1264.8000;-33.0600;-28.3300;-4.7300
1264.9000;-32.9300;-28.2600;-4.6700
1265.0000;-32.7900;-28.2000;-4.5900
1265.1000;-32.6700;-28.1300;-4.5400
1265.2000;-32.5400;-28.0600;-4.4800
1265.3000;-32.4200;-27.9900;-4.4300
1265.4000;-32.3000;-27.9300;-4.3700
1265.5000;-32.1800;-27.8600;-4.3200
1265.6000;-32.0700;-27.7900;-4.2800
1265.7000;-31.9600;-27.7200;-4.2400
1265.8000;-31.8600;-27.6600;-4.2000
1265.9000;-31.7600;-27.5900;-4.1700
1266.0000;-31.6600;-27.5200;-4.1400
1266.1000;-31.5700;-27.4500;-4.1200
1266.2000;-31.4800;-27.3900;-4.0900
1266.3000;-31.3900;-27.3200;-4.0700
1266.4000;-31.3100;-27.2600;-4.0500
1266.5000;-31.2300;-27.1900;-4.0400
1266.6000;-31.1600;-27.1300;-4.0300
1266.7000;-31.0900;-27.0600;-4.0300
1266.8000;-31.0300;-27.0000;-4.0300
1266.9000;-30.9700;-26.9400;-4.0300
1267.0000;-30.9100;-26.8700;-4.0400
1267.1000;-30.8600;-26.8100;-4.0500
1267.2000;-30.8100;-26.7500;-4.0600
1267.3000;-30.7700;-26.6900;-4.0800
1267.4000;-30.7300;-26.6300;-4.1000
1267.5000;-30.7000;-26.5700;-4.1300
1267.6000;-30.6700;-26.5100;-4.1600
1267.7000;-30.6500;-26.4500;-4.2000
1267.8000;-30.6300;-26.4000;-4.2300
1267.9000;-30.6100;-26.3400;-4.2700
1268.0000;-30.6000;-26.2800;-4.3200
1268.1000;-30.6000;-26.2300;-4.3700
1268.2000;-30.5900;-26.1700;-4.4200
1268.3000;-30.6000;-26.1100;-4.4900
1268.4000;-30.6100;-26.0600;-4.5500
1268.5000;-30.6200;-26.0000;-4.6200
1268.6000;-30.6400;-25.9500;-4.6900
1268.7000;-30.6600;-25.8900;-4.7700
1268.8000;-30.6900;-25.8400;-4.8500
1268.9000;-30.7200;-25.7800;-4.9400
1269.0000;-30.7600;-25.7300;-5.0300
1269.1000;-30.8000;-25.6700;-5.1300
1269.2000;-30.8400;-25.6200;-5.2200
1269.3000;-30.9000;-25.5600;-5.3400
1269.4000;-30.9500;-25.5100;-5.4400
1269.5000;-31.0200;-25.4500;-5.5700
1269.6000;-31.0900;-25.3900;-5.7000
1269.7000;-31.1600;-25.3300;-5.8300
1269.8000;-31.2400;-25.2800;-5.9600
1269.9000;-31.3200;-25.2200;-6.1000
1270.0000;-31.4100;-25.1600;-6.2500
1270.1000;-31.5100;-25.1100;-6.4000
1270.2000;-31.6100;-25.0500;-6.5600
1270.3000;-31.7200;-24.9900;-6.7300
1270.4000;-31.8400;-24.9300;-6.9100
1270.5000;-31.9600;-24.8700;-7.0900
1270.6000;-32.0900;-24.8200;-7.2700
1270.7000;-32.2200;-24.7600;-7.4600
1270.8000;-32.3600;-24.7000;-7.6600
1270.9000;-32.5100;-24.6400;-7.8700
1271.0000;-32.6600;-24.5800;-8.0800
1271.1000;-32.8200;-24.5200;-8.3000
1271.2000;-32.9900;-24.4600;-8.5300
1271.3000;-33.1600;-24.4100;-8.7500
1271.4000;-33.3300;-24.3500;-8.9800
1271.5000;-33.5200;-24.2900;-9.2300
1271.6000;-33.7100;-24.2300;-9.4800
1271.7000;-33.9000;-24.1700;-9.7300
1271.8000;-34.1000;-24.1200;-9.9800
1271.9000;-34.3100;-24.0600;-10.2500
1272.0000;-34.5100;-24.0000;-10.5100
1272.1000;-34.7300;-23.9500;-10.7800
1272.2000;-34.9400;-23.8900;-11.0500
1272.3000;-35.1600;-23.8400;-11.3200
1272.4000;-35.3800;-23.7800;-11.6000
1272.5000;-35.5900;-23.7300;-11.8600
1272.6000;-35.8000;-23.6700;-12.1300
1272.7000;-36.0100;-23.6200;-12.3900
1272.8000;-36.2100;-23.5700;-12.6400
1272.9000;-36.4000;-23.5200;-12.8800
1273.0000;-36.5800;-23.4600;-13.1200
1273.1000;-36.7400;-23.4100;-13.3300
1273.2000;-36.8800;-23.3600;-13.5200
1273.3000;-37.0000;-23.3100;-13.6900
1273.4000;-37.0900;-23.2600;-13.8300
1273.5000;-37.1500;-23.2100;-13.9400
1273.6000;-37.1800;-23.1500;-14.0300
1273.7000;-37.1800;-23.1000;-14.0800
1273.8000;-37.1400;-23.0500;-14.0900
1273.9000;-37.0600;-23.0000;-14.0600
1274.0000;-36.9600;-22.9500;-14.0100
1274.1000;-36.8200;-22.9000;-13.9200
1274.2000;-36.6500;-22.8500;-13.8000
1274.3000;-36.4500;-22.8000;-13.6500
1274.4000;-36.2300;-22.7500;-13.4800
1274.5000;-35.9900;-22.7000;-13.2900
1274.6000;-35.7400;-22.6500;-13.0900
1274.7000;-35.4700;-22.6000;-12.8700
1274.8000;-35.1900;-22.5500;-12.6400
1274.9000;-34.9000;-22.5000;-12.4000
1275.0000;-34.6100;-22.4500;-12.1600
1275.1000;-34.3100;-22.4000;-11.9100
1275.2000;-34.0100;-22.3500;-11.6600
1275.3000;-33.7200;-22.3000;-11.4200
1275.4000;-33.4300;-22.2500;-11.1800
1275.5000;-33.1400;-22.2000;-10.9400
1275.6000;-32.8500;-22.1500;-10.7000
1275.7000;-32.5700;-22.1000;-10.4700
1275.8000;-32.2900;-22.0500;-10.2400
1275.9000;-32.0200;-22.0000;-10.0200
1276.0000;-31.7600;-21.9500;-9.8100
1276.1000;-31.5000;-21.9000;-9.6000
1276.2000;-31.2500;-21.8500;-9.4000
1276.3000;-31.0000;-21.8000;-9.2000
1276.4000;-30.7700;-21.7500;-9.0200
1276.5000;-30.5300;-21.7000;-8.8300
1276.6000;-30.3100;-21.6500;-8.6600
1276.7000;-30.0900;-21.6000;-8.4900
1276.8000;-29.8800;-21.5500;-8.3300
1276.9000;-29.6800;-21.5000;-8.1800
1277.0000;-29.4800;-21.4500;-8.0300
1277.1000;-29.2900;-21.4000;-7.8900
1277.2000;-29.1000;-21.3500;-7.7500
1277.3000;-28.9200;-21.3000;-7.6200
1277.4000;-28.7500;-21.2500;-7.5000
1277.5000;-28.5800;-21.2100;-7.3700
1277.6000;-28.4200;-21.1600;-7.2600
1277.7000;-28.2600;-21.1100;-7.1500
1277.8000;-28.1000;-21.0600;-7.0400
1277.9000;-27.9500;-21.0100;-6.9400
1278.0000;-27.8000;-20.9700;-6.8300
1278.1000;-27.6600;-20.9200;-6.7400
1278.2000;-27.5200;-20.8700;-6.6500
1278.3000;-27.3800;-20.8200;-6.5600
1278.4000;-27.2500;-20.7800;-6.4700
1278.5000;-27.1200;-20.7300;-6.3900
1278.6000;-26.9900;-20.6900;-6.3000
1278.7000;-26.8600;-20.6400;-6.2200
1278.8000;-26.7400;-20.5900;-6.1500
1278.9000;-26.6200;-20.5500;-6.0700
1279.0000;-26.5000;-20.5100;-5.9900
1279.1000;-26.3800;-20.4600;-5.9200
1279.2000;-26.2600;-20.4200;-5.8400
1279.3000;-26.1400;-20.3700;-5.7700
1279.4000;-26.0300;-20.3300;-5.7000
1279.5000;-25.9200;-20.2800;-5.6400
1279.6000;-25.8000;-20.2400;-5.5600
1279.7000;-25.6900;-20.2000;-5.4900
1279.8000;-25.5800;-20.1500;-5.4300
1279.9000;-25.4700;-20.1100;-5.3600
1280.0000;-25.3700;-20.0700;-5.3000
1280.1000;-25.2600;-20.0200;-5.2400
1280.2000;-25.1500;-19.9800;-5.1700
1280.3000;-25.0500;-19.9400;-5.1100
1280.4000;-24.9400;-19.8900;-5.0500
1280.5000;-24.8400;-19.8500;-4.9900
1280.6000;-24.7300;-19.8000;-4.9300
1280.7000;-24.6300;-19.7600;-4.8700
1280.8000;-24.5200;-19.7100;-4.8100
1280.9000;-24.4200;-19.6700;-4.7500
1281.0000;-24.3100;-19.6200;-4.6900
1281.1000;-24.2100;-19.5800;-4.6300
1281.2000;-24.1100;-19.5400;-4.5700
1281.3000;-24.0100;-19.4900;-4.5200
1281.4000;-23.9100;-19.4500;-4.4600
1281.5000;-23.8100;-19.4000;-4.4100
1281.6000;-23.7100;-19.3600;-4.3500
1281.7000;-23.6100;-19.3100;-4.3000
1281.8000;-23.5100;-19.2600;-4.2500
1281.9000;-23.4100;-19.2200;-4.1900
1282.0000;-23.3100;-19.1700;-4.1400
1282.1000;-23.2200;-19.1300;-4.0900
1282.2000;-23.1200;-19.0800;-4.0400
1282.3000;-23.0300;-19.0400;-3.9900
1282.4000;-22.9400;-19.0000;-3.9400
1282.5000;-22.8500;-18.9500;-3.9000
1282.6000;-22.7600;-18.9100;-3.8500
1282.7000;-22.6700;-18.8600;-3.8100
1282.8000;-22.5800;-18.8200;-3.7600
1282.9000;-22.4900;-18.7800;-3.7100
1283.0000;-22.4000;-18.7300;-3.6700
1283.1000;-22.3100;-18.6900;-3.6200
1283.2000;-22.2300;-18.6500;-3.5800
1283.3000;-22.1500;-18.6000;-3.5500
1283.4000;-22.0600;-18.5600;-3.5000
1283.5000;-21.9800;-18.5200;-3.4600
1283.6000;-21.9000;-18.4800;-3.4200
1283.7000;-21.8200;-18.4400;-3.3800
1283.8000;-21.7400;-18.3900;-3.3500
1283.9000;-21.6700;-18.3500;-3.3200
1284.0000;-21.5900;-18.3100;-3.2800
1284.1000;-21.5200;-18.2700;-3.2500
1284.2000;-21.4500;-18.2300;-3.2200
1284.3000;-21.3800;-18.1900;-3.1900
1284.4000;-21.3100;-18.1500;-3.1600
1284.5000;-21.2400;-18.1100;-3.1300
1284.6000;-21.1800;-18.0700;-3.1100
1284.7000;-21.1200;-18.0300;-3.0900
1284.8000;-21.0500;-17.9900;-3.0600
1284.9000;-21.0000;-17.9500;-3.0500
1285.0000;-20.9400;-17.9100;-3.0300
1285.1000;-20.8800;-17.8700;-3.0100
1285.2000;-20.8300;-17.8300;-3.0000
1285.3000;-20.7800;-17.8000;-2.9800
1285.4000;-20.7300;-17.7600;-2.9700
1285.5000;-20.6900;-17.7200;-2.9700
1285.6000;-20.6400;-17.6800;-2.9600
1285.7000;-20.6000;-17.6400;-2.9600
1285.8000;-20.5700;-17.6000;-2.9700
1285.9000;-20.5300;-17.5600;-2.9700
1286.0000;-20.5000;-17.5200;-2.9800
1286.1000;-20.4700;-17.4800;-2.9900
1286.2000;-20.4500;-17.4400;-3.0100
1286.3000;-20.4200;-17.4000;-3.0200
1286.4000;-20.4100;-17.3600;-3.0500
1286.5000;-20.3900;-17.3300;-3.0600
1286.6000;-20.3800;-17.2900;-3.0900
1286.7000;-20.3600;-17.2500;-3.1100
1286.8000;-20.3600;-17.2100;-3.1500
1286.9000;-20.3500;-17.1700;-3.1800
1287.0000;-20.3500;-17.1400;-3.2100
1287.1000;-20.3600;-17.1000;-3.2600
1287.2000;-20.3600;-17.0600;-3.3000
1287.3000;-20.3700;-17.0200;-3.3500
1287.4000;-20.3800;-16.9900;-3.3900
1287.5000;-20.3900;-16.9500;-3.4400
1287.6000;-20.4100;-16.9100;-3.5000
1287.7000;-20.4300;-16.8700;-3.5600
1287.8000;-20.4600;-16.8400;-3.6200
1287.9000;-20.4900;-16.8000;-3.6900
1288.0000;-20.5200;-16.7700;-3.7500
1288.1000;-20.5500;-16.7300;-3.8200
1288.2000;-20.5900;-16.7000;-3.8900
1288.3000;-20.6300;-16.6600;-3.9700
1288.4000;-20.6700;-16.6300;-4.0400
1288.5000;-20.7100;-16.5900;-4.1200
1288.6000;-20.7600;-16.5600;-4.2000
1288.7000;-20.8100;-16.5300;-4.2800
1288.8000;-20.8700;-16.4900;-4.3800
1288.9000;-20.9200;-16.4600;-4.4600
1289.0000;-20.9800;-16.4300;-4.5500
1289.1000;-21.0400;-16.4000;-4.6400
1289.2000;-21.1100;-16.3600;-4.7500
1289.3000;-21.1700;-16.3300;-4.8400
1289.4000;-21.2400;-16.3000;-4.9400
1289.5000;-21.3100;-16.2700;-5.0400
1289.6000;-21.3900;-16.2400;-5.1500
1289.7000;-21.4600;-16.2100;-5.2500
1289.8000;-21.5400;-16.1800;-5.3600
1289.9000;-21.6100;-16.1500;-5.4600
1290.0000;-21.6900;-16.1200;-5.5700
1290.1000;-21.7700;-16.0900;-5.6800
1290.2000;-21.8600;-16.0600;-5.8000
1290.3000;-21.9400;-16.0300;-5.9100
1290.4000;-22.0200;-16.0000;-6.0200
1290.5000;-22.1100;-15.9700;-6.1400
1290.6000;-22.1900;-15.9400;-6.2500
1290.7000;-22.2800;-15.9100;-6.3700
1290.8000;-22.3600;-15.8800;-6.4800
1290.9000;-22.4500;-15.8600;-6.5900
1291.0000;-22.5300;-15.8300;-6.7000
1291.1000;-22.6200;-15.7900;-6.8300
1291.2000;-22.7000;-15.7600;-6.9400
1291.3000;-22.7800;-15.7300;-7.0500
1291.4000;-22.8600;-15.7000;-7.1600
1291.5000;-22.9400;-15.6800;-7.2600
1291.6000;-23.0200;-15.6500;-7.3700
1291.7000;-23.1000;-15.6200;-7.4800
1291.8000;-23.1800;-15.5900;-7.5900
1291.9000;-23.2600;-15.5600;-7.7000
1292.0000;-23.3400;-15.5300;-7.8100
1292.1000;-23.4100;-15.5100;-7.9000
1292.2000;-23.4800;-15.4800;-8.0000
1292.3000;-23.5500;-15.4500;-8.1000
1292.4000;-23.6200;-15.4200;-8.2000
1292.5000;-23.6900;-15.4000;-8.2900
1292.6000;-23.7600;-15.3700;-8.3900
1292.7000;-23.8200;-15.3400;-8.4800
1292.8000;-23.8800;-15.3200;-8.5600
1292.9000;-23.9400;-15.2900;-8.6500
1293.0000;-24.0000;-15.2700;-8.7300
1293.1000;-24.0600;-15.2400;-8.8200
1293.2000;-24.1100;-15.2100;-8.9000
1293.3000;-24.1600;-15.1900;-8.9700
1293.4000;-24.2100;-15.1600;-9.0500
1293.5000;-24.2600;-15.1400;-9.1200
1293.6000;-24.3100;-15.1200;-9.1900
1293.7000;-24.3600;-15.0900;-9.2700
1293.8000;-24.4100;-15.0700;-9.3400
1293.9000;-24.4500;-15.0400;-9.4100
1294.0000;-24.5000;-15.0200;-9.4800
1294.1000;-24.5500;-15.0000;-9.5500
1294.2000;-24.5900;-14.9700;-9.6200
1294.3000;-24.6400;-14.9500;-9.6900
1294.4000;-24.6900;-14.9200;-9.7700
1294.5000;-24.7300;-14.9000;-9.8300
1294.6000;-24.7800;-14.8800;-9.9000
1294.7000;-24.8300;-14.8500;-9.9800
1294.8000;-24.8800;-14.8300;-10.0500
1294.9000;-24.9400;-14.8100;-10.1300
1295.0000;-24.9900;-14.7900;-10.2000
1295.1000;-25.0500;-14.7600;-10.2900
1295.2000;-25.1100;-14.7400;-10.3700
1295.3000;-25.1800;-14.7200;-10.4600
1295.4000;-25.2500;-14.7000;-10.5500
1295.5000;-25.3200;-14.6800;-10.6400
1295.6000;-25.4000;-14.6500;-10.7500
1295.7000;-25.4800;-14.6300;-10.8500
1295.8000;-25.5600;-14.6100;-10.9500
1295.9000;-25.6500;-14.5900;-11.0600
1296.0000;-25.7500;-14.5700;-11.1800
1296.1000;-25.8500;-14.5500;-11.3000
1296.2000;-25.9600;-14.5200;-11.4400
1296.3000;-26.0700;-14.5000;-11.5700
1296.4000;-26.1900;-14.4800;-11.7100
1296.5000;-26.3100;-14.4600;-11.8500
1296.6000;-26.4500;-14.4400;-12.0100
1296.7000;-26.5800;-14.4200;-12.1600
1296.8000;-26.7300;-14.4100;-12.3200
1296.9000;-26.8800;-14.3900;-12.4900
1297.0000;-27.0300;-14.3700;-12.6600
1297.1000;-27.1900;-14.3500;-12.8400
1297.2000;-27.3600;-14.3300;-13.0300
1297.3000;-27.5300;-14.3100;-13.2200
1297.4000;-27.7100;-14.2900;-13.4200
1297.5000;-27.8800;-14.2800;-13.6000
1297.6000;-28.0600;-14.2600;-13.8000
1297.7000;-28.2400;-14.2400;-14.0000
1297.8000;-28.4300;-14.2200;-14.2100
1297.9000;-28.6100;-14.2000;-14.4100
1298.0000;-28.7800;-14.1800;-14.6000
1298.1000;-28.9500;-14.1600;-14.7900
1298.2000;-29.1100;-14.1500;-14.9600
1298.3000;-29.2700;-14.1300;-15.1400
1298.4000;-29.4100;-14.1100;-15.3000
1298.5000;-29.5400;-14.0900;-15.4500
1298.6000;-29.6500;-14.0700;-15.5800
1298.7000;-29.7500;-14.0600;-15.6900
1298.8000;-29.8200;-14.0400;-15.7800
1298.9000;-29.8700;-14.0200;-15.8500
1299.0000;-29.9000;-14.0100;-15.8900
1299.1000;-29.8900;-13.9900;-15.9000
1299.2000;-29.8600;-13.9700;-15.8900
1299.3000;-29.8000;-13.9600;-15.8400
1299.4000;-29.7100;-13.9400;-15.7700
1299.5000;-29.5900;-13.9200;-15.6700
1299.6000;-29.4400;-13.9100;-15.5300
1299.7000;-29.2700;-13.8900;-15.3800
1299.8000;-29.0800;-13.8800;-15.2000
1299.9000;-28.8700;-13.8600;-15.0100
1300.0000;-28.6400;-13.8400;-14.8000
1300.1000;-28.3900;-13.8300;-14.5600
1300.2000;-28.1300;-13.8100;-14.3200
1300.3000;-27.8600;-13.8000;-14.0600
1300.4000;-27.5900;-13.7800;-13.8100
1300.5000;-27.3100;-13.7700;-13.5400
1300.6000;-27.0200;-13.7600;-13.2600
1300.7000;-26.7300;-13.7400;-12.9900
1300.8000;-26.4500;-13.7300;-12.7200
1300.9000;-26.1600;-13.7200;-12.4400
1301.0000;-25.8800;-13.7000;-12.1800
1301.1000;-25.6000;-13.6900;-11.9100
1301.2000;-25.3300;-13.6800;-11.6500
1301.3000;-25.0600;-13.6700;-11.3900
1301.4000;-24.7900;-13.6600;-11.1300
1301.5000;-24.5300;-13.6500;-10.8800
1301.6000;-24.2800;-13.6400;-10.6400
1301.7000;-24.0300;-13.6300;-10.4000
1301.8000;-23.7900;-13.6200;-10.1700
1301.9000;-23.5500;-13.6100;-9.9400
1302.0000;-23.3200;-13.6000;-9.7200
1302.1000;-23.0900;-13.5900;-9.5000
1302.2000;-22.8800;-13.5800;-9.3000
1302.3000;-22.6600;-13.5700;-9.0900
1302.4000;-22.4600;-13.5600;-8.9000
1302.5000;-22.2500;-13.5500;-8.7000
1302.6000;-22.0600;-13.5400;-8.5200
1302.7000;-21.8700;-13.5300;-8.3400
1302.8000;-21.6900;-13.5200;-8.1700
1302.9000;-21.5100;-13.5100;-8.0000
1303.0000;-21.3400;-13.5000;-7.8400
1303.1000;-21.1700;-13.4900;-7.6800
1303.2000;-21.0100;-13.4900;-7.5200
1303.3000;-20.8500;-13.4800;-7.3700
1303.4000;-20.7000;-13.4700;-7.2300
1303.5000;-20.5600;-13.4600;-7.1000
1303.6000;-20.4100;-13.4600;-6.9500
1303.7000;-20.2800;-13.4500;-6.8300
1303.8000;-20.1400;-13.4400;-6.7000
1303.9000;-20.0200;-13.4300;-6.5900
1304.0000;-19.8900;-13.4300;-6.4600
1304.1000;-19.7700;-13.4200;-6.3500
1304.2000;-19.6600;-13.4200;-6.2400
1304.3000;-19.5400;-13.4100;-6.1300
1304.4000;-19.4300;-13.4000;-6.0300
1304.5000;-19.3300;-13.4000;-5.9300
1304.6000;-19.2300;-13.3900;-5.8400
1304.7000;-19.1300;-13.3900;-5.7400
1304.8000;-19.0300;-13.3900;-5.6400
1304.9000;-18.9400;-13.3800;-5.5600
1305.0000;-18.8500;-13.3800;-5.4700
1305.1000;-18.7600;-13.3700;-5.3900
1305.2000;-18.6700;-13.3700;-5.3000
1305.3000;-18.5900;-13.3700;-5.2200
1305.4000;-18.5100;-13.3600;-5.1500
1305.5000;-18.4300;-13.3600;-5.0700
1305.6000;-18.3600;-13.3500;-5.0100
1305.7000;-18.2900;-13.3500;-4.9400
1305.8000;-18.2200;-13.3500;-4.8700
1305.9000;-18.1500;-13.3500;-4.8000
1306.0000;-18.0800;-13.3500;-4.7300
1306.1000;-18.0200;-13.3400;-4.6800
1306.2000;-17.9600;-13.3400;-4.6200
1306.3000;-17.9000;-13.3400;-4.5600
1306.4000;-17.8400;-13.3400;-4.5000
1306.5000;-17.7900;-13.3400;-4.4500
1306.6000;-17.7300;-13.3400;-4.3900
1306.7000;-17.6800;-13.3400;-4.3400
1306.8000;-17.6300;-13.3400;-4.2900
1306.9000;-17.5900;-13.3400;-4.2500
1307.0000;-17.5400;-13.3400;-4.2000
1307.1000;-17.5000;-13.3300;-4.1700
1307.2000;-17.4500;-13.3300;-4.1200
1307.3000;-17.4100;-13.3300;-4.0800
1307.4000;-17.3700;-13.3300;-4.0400
1307.5000;-17.3300;-13.3400;-3.9900
1307.6000;-17.3000;-13.3400;-3.9600
1307.7000;-17.2600;-13.3400;-3.9200
1307.8000;-17.2300;-13.3400;-3.8900
1307.9000;-17.2000;-13.3400;-3.8600
1308.0000;-17.1700;-13.3400;-3.8300
1308.1000;-17.1400;-13.3500;-3.7900
1308.2000;-17.1100;-13.3500;-3.7600
1308.3000;-17.0800;-13.3500;-3.7300
1308.4000;-17.0500;-13.3600;-3.6900
1308.5000;-17.0300;-13.3600;-3.6700
1308.6000;-17.0000;-13.3600;-3.6400
1308.7000;-16.9800;-13.3700;-3.6100
1308.8000;-16.9500;-13.3700;-3.5800
1308.9000;-16.9300;-13.3800;-3.5500
1309.0000;-16.9100;-13.3800;-3.5300
1309.1000;-16.8900;-13.3900;-3.5000
1309.2000;-16.8700;-13.3900;-3.4800
1309.3000;-16.8500;-13.4000;-3.4500
1309.4000;-16.8300;-13.4100;-3.4200
1309.5000;-16.8200;-13.4100;-3.4100
1309.6000;-16.8000;-13.4200;-3.3800
1309.7000;-16.7800;-13.4300;-3.3500
1309.8000;-16.7700;-13.4300;-3.3400
1309.9000;-16.7600;-13.4400;-3.3200
1310.0000;-16.7400;-13.4500;-3.2900
1310.1000;-16.7300;-13.4600;-3.2700
1310.2000;-16.7200;-13.4700;-3.2500
1310.3000;-16.7100;-13.4700;-3.2400
1310.4000;-16.7000;-13.4800;-3.2200
1310.5000;-16.7000;-13.4900;-3.2100
1310.6000;-16.6900;-13.5000;-3.1900
1310.7000;-16.6800;-13.5100;-3.1700
1310.8000;-16.6800;-13.5200;-3.1600
1310.9000;-16.6800;-13.5300;-3.1500
1311.0000;-16.6800;-13.5400;-3.1400
1311.1000;-16.6800;-13.5500;-3.1300
1311.2000;-16.6800;-13.5600;-3.1200
1311.3000;-16.6800;-13.5700;-3.1100
1311.4000;-16.6900;-13.5800;-3.1100
1311.5000;-16.6900;-13.5900;-3.1000
1311.6000;-16.7000;-13.6000;-3.1000
1311.7000;-16.7100;-13.6100;-3.1000
1311.8000;-16.7200;-13.6200;-3.1000
1311.9000;-16.7300;-13.6400;-3.0900
1312.0000;-16.7400;-13.6500;-3.0900
1312.1000;-16.7600;-13.6600;-3.1000
1312.2000;-16.7700;-13.6700;-3.1000
1312.3000;-16.7900;-13.6900;-3.1000
1312.4000;-16.8100;-13.7000;-3.1100
1312.5000;-16.8300;-13.7100;-3.1200
1312.6000;-16.8500;-13.7300;-3.1200
1312.7000;-16.8800;-13.7400;-3.1400
1312.8000;-16.9000;-13.7600;-3.1400
1312.9000;-16.9300;-13.7700;-3.1600
1313.0000;-16.9600;-13.7900;-3.1700
1313.1000;-16.9900;-13.8000;-3.1900
1313.2000;-17.0200;-13.8200;-3.2000
1313.3000;-17.0500;-13.8400;-3.2100
1313.4000;-17.0800;-13.8500;-3.2300
1313.5000;-17.1200;-13.8700;-3.2500
1313.6000;-17.1600;-13.8900;-3.2700
1313.7000;-17.2000;-13.9000;-3.3000
1313.8000;-17.2400;-13.9200;-3.3200
1313.9000;-17.2800;-13.9400;-3.3400
1314.0000;-17.3200;-13.9600;-3.3600
1314.1000;-17.3600;-13.9800;-3.3800
1314.2000;-17.4000;-14.0000;-3.4000
1314.3000;-17.4500;-14.0200;-3.4300
1314.4000;-17.4900;-14.0400;-3.4500
1314.5000;-17.5400;-14.0600;-3.4800
1314.6000;-17.5900;-14.0800;-3.5100
1314.7000;-17.6300;-14.0900;-3.5400
1314.8000;-17.6800;-14.1100;-3.5700
1314.9000;-17.7300;-14.1400;-3.5900
1315.0000;-17.7800;-14.1600;-3.6200
1315.1000;-17.8300;-14.1800;-3.6500
1315.2000;-17.8800;-14.2000;-3.6800
1315.3000;-17.9400;-14.2200;-3.7200
1315.4000;-17.9900;-14.2400;-3.7500
1315.5000;-18.0400;-14.2600;-3.7800
1315.6000;-18.1000;-14.2800;-3.8200
1315.7000;-18.1500;-14.3100;-3.8400
1315.8000;-18.2100;-14.3300;-3.8800
1315.9000;-18.2700;-14.3500;-3.9200
1316.0000;-18.3200;-14.3800;-3.9400
1316.1000;-18.3800;-14.4000;-3.9800
1316.2000;-18.4400;-14.4300;-4.0100
1316.3000;-18.4900;-14.4500;-4.0400
1316.4000;-18.5500;-14.4800;-4.0700
1316.5000;-18.6100;-14.5000;-4.1100
1316.6000;-18.6700;-14.5300;-4.1400
1316.7000;-18.7300;-14.5500;-4.1800
1316.8000;-18.7900;-14.5800;-4.2100
1316.9000;-18.8500;-14.6100;-4.2400
1317.0000;-18.9100;-14.6400;-4.2700
1317.1000;-18.9700;-14.6700;-4.3000
1317.2000;-19.0300;-14.6900;-4.3400
1317.3000;-19.0900;-14.7200;-4.3700
1317.4000;-19.1500;-14.7500;-4.4000
1317.5000;-19.2100;-14.7800;-4.4300
1317.6000;-19.2700;-14.8100;-4.4600
1317.7000;-19.3300;-14.8400;-4.4900
1317.8000;-19.3900;-14.8700;-4.5200
1317.9000;-19.4500;-14.9000;-4.5500
1318.0000;-19.5100;-14.9300;-4.5800
1318.1000;-19.5600;-14.9600;-4.6000
1318.2000;-19.6200;-14.9900;-4.6300
1318.3000;-19.6900;-15.0200;-4.6700
1318.4000;-19.7500;-15.0500;-4.7000
1318.5000;-19.8100;-15.0900;-4.7200
1318.6000;-19.8700;-15.1200;-4.7500
1318.7000;-19.9300;-15.1500;-4.7800
1318.8000;-20.0000;-15.1900;-4.8100
1318.9000;-20.0600;-15.2200;-4.8400
1319.0000;-20.1300;-15.2600;-4.8700
1319.1000;-20.2000;-15.2900;-4.9100
1319.2000;-20.2600;-15.3300;-4.9300
1319.3000;-20.3300;-15.3600;-4.9700
1319.4000;-20.4000;-15.4000;-5.0000
1319.5000;-20.4700;-15.4300;-5.0400
1319.6000;-20.5500;-15.4700;-5.0800
1319.7000;-20.6200;-15.5100;-5.1100
1319.8000;-20.7000;-15.5400;-5.1600
1319.9000;-20.7700;-15.5800;-5.1900
1320.0000;-20.8500;-15.6200;-5.2300
1320.1000;-20.9300;-15.6600;-5.2700
1320.2000;-21.0200;-15.6900;-5.3300
1320.3000;-21.1000;-15.7300;-5.3700
1320.4000;-21.1900;-15.7700;-5.4200
1320.5000;-21.2800;-15.8100;-5.4700
1320.6000;-21.3800;-15.8500;-5.5300
1320.7000;-21.4700;-15.8900;-5.5800
1320.8000;-21.5700;-15.9300;-5.6400
1320.9000;-21.6700;-15.9700;-5.7000
1321.0000;-21.7700;-16.0100;-5.7600
1321.1000;-21.8800;-16.0500;-5.8300
1321.2000;-21.9900;-16.0900;-5.9000
1321.3000;-22.1000;-16.1300;-5.9700
1321.4000;-22.2200;-16.1700;-6.0500
1321.5000;-22.3400;-16.2100;-6.1300
1321.6000;-22.4700;-16.2500;-6.2200
1321.7000;-22.5900;-16.3000;-6.2900
1321.8000;-22.7300;-16.3400;-6.3900
1321.9000;-22.8600;-16.3800;-6.4800
1322.0000;-23.0000;-16.4200;-6.5800
1322.1000;-23.1500;-16.4700;-6.6800
1322.2000;-23.3000;-16.5100;-6.7900
1322.3000;-23.4500;-16.5600;-6.8900
1322.4000;-23.6100;-16.6000;-7.0100
1322.5000;-23.7800;-16.6500;-7.1300
1322.6000;-23.9500;-16.6900;-7.2600
1322.7000;-24.1300;-16.7400;-7.3900
1322.8000;-24.3100;-16.7900;-7.5200
1322.9000;-24.5000;-16.8300;-7.6700
1323.0000;-24.6900;-16.8800;-7.8100
1323.1000;-24.8900;-16.9300;-7.9600
1323.2000;-25.1000;-16.9700;-8.1300
1323.3000;-25.3100;-17.0200;-8.2900
1323.4000;-25.5300;-17.0700;-8.4600
1323.5000;-25.7600;-17.1200;-8.6400
1323.6000;-25.9900;-17.1700;-8.8200
1323.7000;-26.2300;-17.2200;-9.0100
1323.8000;-26.4800;-17.2700;-9.2100
1323.9000;-26.7300;-17.3200;-9.4100
1324.0000;-27.0000;-17.3700;-9.6300
1324.1000;-27.2700;-17.4200;-9.8500
1324.2000;-27.5500;-17.4700;-10.0800
1324.3000;-27.8400;-17.5200;-10.3200
1324.4000;-28.1300;-17.5700;-10.5600
1324.5000;-28.4400;-17.6300;-10.8100
1324.6000;-28.7500;-17.6800;-11.0700
1324.7000;-29.0600;-17.7300;-11.3300
1324.8000;-29.3900;-17.7900;-11.6000
1324.9000;-29.7100;-17.8400;-11.8700
1325.0000;-30.0400;-17.8900;-12.1500
1325.1000;-30.3900;-17.9500;-12.4400
1325.2000;-30.7300;-18.0100;-12.7200
1325.3000;-31.0800;-18.0600;-13.0200
1325.4000;-31.4200;-18.1200;-13.3000
1325.5000;-31.7700;-18.1800;-13.5900
1325.6000;-32.1100;-18.2300;-13.8800
1325.7000;-32.4400;-18.2900;-14.1500
1325.8000;-32.7600;-18.3500;-14.4100
1325.9000;-33.0600;-18.4100;-14.6500
1326.0000;-33.3400;-18.4600;-14.8800
1326.1000;-33.5900;-18.5200;-15.0700
1326.2000;-33.8200;-18.5800;-15.2400
1326.3000;-34.0100;-18.6400;-15.3700
1326.4000;-34.1600;-18.6900;-15.4700
1326.5000;-34.2700;-18.7500;-15.5200
1326.6000;-34.3400;-18.8100;-15.5300
1326.7000;-34.3700;-18.8700;-15.5000
1326.8000;-34.3500;-18.9300;-15.4200
1326.9000;-34.3000;-18.9900;-15.3100
1327.0000;-34.2100;-19.0500;-15.1600
1327.1000;-34.0900;-19.1100;-14.9800
1327.2000;-33.9500;-19.1700;-14.7800
1327.3000;-33.7800;-19.2300;-14.5500
1327.4000;-33.6000;-19.2900;-14.3100
1327.5000;-33.4000;-19.3500;-14.0500
1327.6000;-33.1900;-19.4100;-13.7800
1327.7000;-32.9800;-19.4700;-13.5100
1327.8000;-32.7700;-19.5300;-13.2400
1327.9000;-32.5500;-19.5900;-12.9600
1328.0000;-32.3400;-19.6600;-12.6800
1328.1000;-32.1300;-19.7200;-12.4100
1328.2000;-31.9200;-19.7800;-12.1400
1328.3000;-31.7200;-19.8400;-11.8800
1328.4000;-31.5300;-19.9100;-11.6200
1328.5000;-31.3400;-19.9700;-11.3700
1328.6000;-31.1600;-20.0300;-11.1300
1328.7000;-30.9900;-20.1000;-10.8900
1328.8000;-30.8200;-20.1600;-10.6600
1328.9000;-30.6700;-20.2300;-10.4400
1329.0000;-30.5200;-20.2900;-10.2300
1329.1000;-30.3800;-20.3600;-10.0200
1329.2000;-30.2400;-20.4200;-9.8200
1329.3000;-30.1200;-20.4900;-9.6300
1329.4000;-30.0000;-20.5500;-9.4500
1329.5000;-29.9000;-20.6200;-9.2800
1329.6000;-29.7900;-20.6800;-9.1100
1329.7000;-29.7000;-20.7500;-8.9500
1329.8000;-29.6200;-20.8100;-8.8100
1329.9000;-29.5400;-20.8800;-8.6600
1330.0000;-29.4700;-20.9500;-8.5200
1330.1000;-29.4000;-21.0100;-8.3900
1330.2000;-29.3500;-21.0800;-8.2700
1330.3000;-29.3000;-21.1400;-8.1600
1330.4000;-29.2600;-21.2100;-8.0500
1330.5000;-29.2200;-21.2800;-7.9400
1330.6000;-29.1900;-21.3500;-7.8400
1330.7000;-29.1700;-21.4200;-7.7500
1330.8000;-29.1500;-21.4800;-7.6700
1330.9000;-29.1400;-21.5500;-7.5900
1331.0000;-29.1400;-21.6200;-7.5200
1331.1000;-29.1500;-21.6900;-7.4600
1331.2000;-29.1600;-21.7600;-7.4000
1331.3000;-29.1700;-21.8300;-7.3400
1331.4000;-29.1900;-21.9000;-7.2900
1331.5000;-29.2200;-21.9700;-7.2500
1331.6000;-29.2600;-22.0400;-7.2200
1331.7000;-29.3000;-22.1100;-7.1900
1331.8000;-29.3400;-22.1800;-7.1600
1331.9000;-29.3900;-22.2600;-7.1300
1332.0000;-29.4500;-22.3300;-7.1200
1332.1000;-29.5200;-22.4000;-7.1200
1332.2000;-29.5900;-22.4700;-7.1200
1332.3000;-29.6600;-22.5400;-7.1200
1332.4000;-29.7400;-22.6200;-7.1200
1332.5000;-29.8300;-22.6900;-7.1400
1332.6000;-29.9300;-22.7600;-7.1700
1332.7000;-30.0300;-22.8400;-7.1900
1332.8000;-30.1300;-22.9100;-7.2200
1332.9000;-30.2400;-22.9800;-7.2600
1333.0000;-30.3600;-23.0600;-7.3000
1333.1000;-30.4800;-23.1300;-7.3500
1333.2000;-30.6000;-23.2000;-7.4000
1333.3000;-30.7400;-23.2800;-7.4600
1333.4000;-30.8800;-23.3500;-7.5300
1333.5000;-31.0200;-23.4200;-7.6000
1333.6000;-31.1700;-23.5000;-7.6700
1333.7000;-31.3300;-23.5700;-7.7600
1333.8000;-31.4900;-23.6500;-7.8400
1333.9000;-31.6600;-23.7200;-7.9400
1334.0000;-31.8400;-23.8000;-8.0400
1334.1000;-32.0200;-23.8700;-8.1500
1334.2000;-32.2100;-23.9500;-8.2600
1334.3000;-32.4000;-24.0300;-8.3700
1334.4000;-32.6000;-24.1000;-8.5000
1334.5000;-32.8100;-24.1800;-8.6300
1334.6000;-33.0300;-24.2500;-8.7800
1334.7000;-33.2500;-24.3300;-8.9200
1334.8000;-33.4800;-24.4100;-9.0700
1334.9000;-33.7100;-24.4800;-9.2300
1335.0000;-33.9600;-24.5600;-9.4000
1335.1000;-34.2100;-24.6400;-9.5700
1335.2000;-34.4700;-24.7100;-9.7600
1335.3000;-34.7400;-24.7900;-9.9500
1335.4000;-35.0100;-24.8700;-10.1400
1335.5000;-35.3000;-24.9500;-10.3500
1335.6000;-35.5900;-25.0300;-10.5600
1335.7000;-35.8900;-25.1000;-10.7900
1335.8000;-36.2000;-25.1800;-11.0200
1335.9000;-36.5300;-25.2600;-11.2700
1336.0000;-36.8600;-25.3400;-11.5200
1336.1000;-37.2000;-25.4200;-11.7800
1336.2000;-37.5500;-25.5000;-12.0500
1336.3000;-37.9100;-25.5800;-12.3300
1336.4000;-38.2900;-25.6600;-12.6300
1336.5000;-38.6700;-25.7300;-12.9400
1336.6000;-39.0600;-25.8100;-13.2500
1336.7000;-39.4700;-25.8900;-13.5800
1336.8000;-39.8800;-25.9700;-13.9100
1336.9000;-40.3000;-26.0500;-14.2500
1337.0000;-40.7400;-26.1300;-14.6100
1337.1000;-41.1900;-26.2100;-14.9800
1337.2000;-41.6500;-26.2900;-15.3600
1337.3000;-42.1200;-26.3700;-15.7500
1337.4000;-42.6000;-26.4500;-16.1500
1337.5000;-43.0800;-26.5300;-16.5500
1337.6000;-43.5700;-26.6100;-16.9600
1337.7000;-44.0500;-26.6900;-17.3600
1337.8000;-44.5300;-26.7800;-17.7500
1337.9000;-45.0000;-26.8600;-18.1400
1338.0000;-45.4500;-26.9400;-18.5100
1338.1000;-45.8600;-27.0200;-18.8400
1338.2000;-46.2400;-27.1000;-19.1400
1338.3000;-46.5800;-27.1800;-19.4000
1338.4000;-46.8500;-27.2700;-19.5800
1338.5000;-47.0600;-27.3500;-19.7100
1338.6000;-47.2000;-27.4300;-19.7700
1338.7000;-47.2700;-27.5200;-19.7500
1338.8000;-47.2700;-27.6000;-19.6700
1338.9000;-47.2000;-27.6800;-19.5200
1339.0000;-47.0700;-27.7700;-19.3000
1339.1000;-46.9000;-27.8500;-19.0500
1339.2000;-46.6900;-27.9400;-18.7500
1339.3000;-46.4500;-28.0200;-18.4300
1339.4000;-46.1800;-28.1100;-18.0700
1339.5000;-45.9100;-28.1900;-17.7200
1339.6000;-45.6300;-28.2800;-17.3500
1339.7000;-45.3500;-28.3600;-16.9900
1339.8000;-45.0700;-28.4400;-16.6300
1339.9000;-44.8000;-28.5300;-16.2700
1340.0000;-44.5400;-28.6200;-15.9200
1340.1000;-44.2800;-28.7000;-15.5800
1340.2000;-44.0400;-28.7900;-15.2500
1340.3000;-43.8000;-28.8800;-14.9200
1340.4000;-43.5800;-28.9600;-14.6200
1340.5000;-43.3600;-29.0500;-14.3100
1340.6000;-43.1600;-29.1400;-14.0200
1340.7000;-42.9600;-29.2200;-13.7400
1340.8000;-42.7800;-29.3100;-13.4700
1340.9000;-42.6100;-29.3900;-13.2200
1341.0000;-42.4500;-29.4800;-12.9700
1341.1000;-42.2900;-29.5700;-12.7200
1341.2000;-42.1500;-29.6500;-12.5000
1341.3000;-42.0200;-29.7400;-12.2800
1341.4000;-41.8900;-29.8200;-12.0700
1341.5000;-41.7700;-29.9100;-11.8600
1341.6000;-41.6700;-29.9900;-11.6800
1341.7000;-41.5700;-30.0800;-11.4900
1341.8000;-41.4700;-30.1700;-11.3000
1341.9000;-41.3900;-30.2500;-11.1400
1342.0000;-41.3100;-30.3400;-10.9700
1342.1000;-41.2400;-30.4300;-10.8100
1342.2000;-41.1700;-30.5100;-10.6600
1342.3000;-41.1100;-30.6000;-10.5100
1342.4000;-41.0600;-30.6900;-10.3700
1342.5000;-41.0100;-30.7700;-10.2400
1342.6000;-40.9700;-30.8600;-10.1100
1342.7000;-40.9300;-30.9500;-9.9800
1342.8000;-40.9000;-31.0300;-9.8700
1342.9000;-40.8800;-31.1200;-9.7600
1343.0000;-40.8600;-31.2100;-9.6500
1343.1000;-40.8500;-31.2900;-9.5600
1343.2000;-40.8400;-31.3800;-9.4600
1343.3000;-40.8300;-31.4700;-9.3600
1343.4000;-40.8300;-31.5600;-9.2700
1343.5000;-40.8300;-31.6400;-9.1900
1343.6000;-40.8400;-31.7300;-9.1100
1343.7000;-40.8500;-31.8200;-9.0300
1343.8000;-40.8700;-31.9100;-8.9600
1343.9000;-40.8900;-32.0000;-8.8900
1344.0000;-40.9200;-32.0800;-8.8400
1344.1000;-40.9500;-32.1700;-8.7800
1344.2000;-40.9800;-32.2600;-8.7200
1344.3000;-41.0100;-32.3500;-8.6600
1344.4000;-41.0500;-32.4400;-8.6100
1344.5000;-41.0900;-32.5300;-8.5600
1344.6000;-41.1400;-32.6100;-8.5300
1344.7000;-41.1800;-32.7000;-8.4800
1344.8000;-41.2300;-32.7900;-8.4400
1344.9000;-41.2800;-32.8700;-8.4100
1345.0000;-41.3400;-32.9600;-8.3800
1345.1000;-41.4000;-33.0400;-8.3600
1345.2000;-41.4500;-33.1300;-8.3200
1345.3000;-41.5200;-33.2100;-8.3100
1345.4000;-41.5800;-33.2900;-8.2900
1345.5000;-41.6500;-33.3800;-8.2700
1345.6000;-41.7200;-33.4600;-8.2600
1345.7000;-41.7900;-33.5500;-8.2400
1345.8000;-41.8700;-33.6300;-8.2400
1345.9000;-41.9400;-33.7200;-8.2200
1346.0000;-42.0300;-33.8100;-8.2200
1346.1000;-42.1100;-33.8900;-8.2200
1346.2000;-42.2000;-33.9800;-8.2200
1346.3000;-42.2900;-34.0700;-8.2200
1346.4000;-42.3800;-34.1500;-8.2300
1346.5000;-42.4700;-34.2400;-8.2300
1346.6000;-42.5700;-34.3300;-8.2400
1346.7000;-42.6600;-34.4100;-8.2500
1346.8000;-42.7600;-34.4900;-8.2700
1346.9000;-42.8600;-34.5800;-8.2800
1347.0000;-42.9600;-34.6600;-8.3000
1347.1000;-43.0600;-34.7500;-8.3100
1347.2000;-43.1700;-34.8300;-8.3400
1347.3000;-43.2800;-34.9200;-8.3600
1347.4000;-43.4000;-35.0100;-8.3900
1347.5000;-43.5200;-35.1000;-8.4200
1347.6000;-43.6400;-35.2000;-8.4400
1347.7000;-43.7600;-35.2900;-8.4700
1347.8000;-43.8900;-35.3800;-8.5100
1347.9000;-44.0200;-35.4800;-8.5400
1348.0000;-44.1400;-35.5700;-8.5700
1348.1000;-44.2700;-35.6500;-8.6200
1348.2000;-44.3900;-35.7400;-8.6500
1348.3000;-44.5200;-35.8200;-8.7000
1348.4000;-44.6400;-35.9000;-8.7400
1348.5000;-44.7700;-35.9700;-8.8000
1348.6000;-44.8900;-36.0500;-8.8400
1348.7000;-45.0200;-36.1300;-8.8900
1348.8000;-45.1400;-36.2000;-8.9400
1348.9000;-45.2600;-36.2700;-8.9900
1349.0000;-45.3900;-36.3400;-9.0500
1349.1000;-45.5200;-36.4200;-9.1000
1349.2000;-45.6500;-36.4900;-9.1600
1349.3000;-45.7800;-36.5600;-9.2200
1349.4000;-45.9200;-36.6400;-9.2800
1349.5000;-46.0500;-36.7100;-9.3400
1349.6000;-46.1900;-36.7900;-9.4000
1349.7000;-46.3300;-36.8600;-9.4700
1349.8000;-46.4700;-36.9400;-9.5300
1349.9000;-46.6200;-37.0300;-9.5900
1350.0000;-46.7800;-37.1100;-9.6700
1350.1000;-46.9300;-37.2000;-9.7300
1350.2000;-47.1000;-37.2900;-9.8100
1350.3000;-47.2600;-37.3800;-9.8800
1350.4000;-47.4200;-37.4700;-9.9500
1350.5000;-47.5800;-37.5600;-10.0200
1350.6000;-47.7500;-37.6400;-10.1100
1350.7000;-47.9000;-37.7200;-10.1800
1350.8000;-48.0600;-37.8000;-10.2600
1350.9000;-48.2100;-37.8700;-10.3400
1351.0000;-48.3600;-37.9400;-10.4200
1351.1000;-48.5100;-38.0100;-10.5000
1351.2000;-48.6600;-38.0800;-10.5800
1351.3000;-48.8100;-38.1600;-10.6500
1351.4000;-48.9700;-38.2300;-10.7400
1351.5000;-49.1200;-38.3100;-10.8100
1351.6000;-49.2800;-38.3900;-10.8900
1351.7000;-49.4500;-38.4700;-10.9800
1351.8000;-49.6100;-38.5500;-11.0600
1351.9000;-49.7700;-38.6400;-11.1300
1352.0000;-49.9400;-38.7300;-11.2100
1352.1000;-50.1000;-38.8100;-11.2900
1352.2000;-50.2600;-38.8900;-11.3700
1352.3000;-50.4200;-38.9700;-11.4500
1352.4000;-50.5700;-39.0400;-11.5300
1352.5000;-50.7200;-39.1200;-11.6000
1352.6000;-50.8700;-39.2000;-11.6700
1352.7000;-51.0300;-39.2800;-11.7500
1352.8000;-51.1800;-39.3600;-11.8200
1352.9000;-51.3200;-39.4400;-11.8800
1353.0000;-51.4600;-39.5100;-11.9500
1353.1000;-51.5900;-39.5800;-12.0100
1353.2000;-51.7300;-39.6600;-12.0700
1353.3000;-51.8600;-39.7300;-12.1300
1353.4000;-51.9900;-39.8000;-12.1900
1353.5000;-52.1100;-39.8700;-12.2400
1353.6000;-52.2300;-39.9300;-12.3000
1353.7000;-52.3300;-39.9900;-12.3400
1353.8000;-52.4400;-40.0600;-12.3800
1353.9000;-52.5500;-40.1300;-12.4200
1354.0000;-52.6600;-40.2000;-12.4600
1354.1000;-52.7600;-40.2800;-12.4800
1354.2000;-52.8700;-40.3600;-12.5100
1354.3000;-52.9700;-40.4400;-12.5300
1354.4000;-53.0800;-40.5300;-12.5500
1354.5000;-53.2000;-40.6400;-12.5600
1354.6000;-53.3200;-40.7400;-12.5800
1354.7000;-53.4300;-40.8400;-12.5900
1354.8000;-53.5300;-40.9400;-12.5900
1354.9000;-53.6200;-41.0300;-12.5900
1355.0000;-53.7100;-41.1200;-12.5900
1355.1000;-53.7800;-41.1900;-12.5900
1355.2000;-53.8400;-41.2600;-12.5800
1355.3000;-53.9000;-41.3300;-12.5700
1355.4000;-53.9600;-41.4100;-12.5500
1355.5000;-54.0100;-41.4700;-12.5400
1355.6000;-54.0500;-41.5400;-12.5100
1355.7000;-54.0900;-41.6100;-12.4800
1355.8000;-54.1400;-41.6800;-12.4600
1355.9000;-54.1700;-41.7500;-12.4200
1356.0000;-54.2000;-41.8200;-12.3800
1356.1000;-54.2400;-41.8900;-12.3500
1356.2000;-54.2500;-41.9400;-12.3100
1356.3000;-54.2500;-41.9800;-12.2700
1356.4000;-54.2400;-42.0100;-12.2300
1356.5000;-54.2200;-42.0400;-12.1800
1356.6000;-54.2200;-42.0900;-12.1300
1356.7000;-54.2300;-42.1400;-12.0900
1356.8000;-54.2300;-42.2000;-12.0300
1356.9000;-54.2500;-42.2700;-11.9800
1357.0000;-54.2600;-42.3300;-11.9300
1357.1000;-54.2800;-42.4100;-11.8700
1357.2000;-54.3100;-42.5000;-11.8100
1357.3000;-54.3500;-42.5900;-11.7600
1357.4000;-54.3800;-42.6900;-11.6900
1357.5000;-54.4000;-42.7600;-11.6400
1357.6000;-54.4000;-42.8200;-11.5800
1357.7000;-54.3900;-42.8800;-11.5100
1357.8000;-54.3800;-42.9300;-11.4500
1357.9000;-54.3700;-42.9800;-11.3900
1358.0000;-54.3600;-43.0400;-11.3200
1358.1000;-54.3600;-43.0900;-11.2700
1358.2000;-54.3500;-43.1500;-11.2000
1358.3000;-54.3400;-43.2000;-11.1400
1358.4000;-54.3300;-43.2600;-11.0700
1358.5000;-54.3400;-43.3200;-11.0200
1358.6000;-54.3400;-43.3900;-10.9500
1358.7000;-54.3400;-43.4600;-10.8800
1358.8000;-54.3400;-43.5200;-10.8200
1358.9000;-54.3300;-43.5800;-10.7500
1359.0000;-54.3300;-43.6400;-10.6900
1359.1000;-54.3400;-43.7200;-10.6200
1359.2000;-54.3600;-43.8000;-10.5600
1359.3000;-54.3800;-43.8800;-10.5000
1359.4000;-54.4000;-43.9700;-10.4300
1359.5000;-54.4300;-44.0500;-10.3800
1359.6000;-54.4400;-44.1300;-10.3100
1359.7000;-54.4600;-44.2200;-10.2400
1359.8000;-54.4800;-44.3000;-10.1800
1359.9000;-54.4900;-44.3700;-10.1200
1360.0000;-54.4800;-44.4200;-10.0600
1360.1000;-54.4500;-44.4500;-10.0000
1360.2000;-54.4100;-44.4800;-9.9300
1360.3000;-54.3900;-44.5100;-9.8800
1360.4000;-54.3700;-44.5600;-9.8100
1360.5000;-54.3600;-44.6100;-9.7500
1360.6000;-54.3600;-44.6700;-9.6900
1360.7000;-54.3700;-44.7400;-9.6300
1360.8000;-54.3900;-44.8100;-9.5800
1360.9000;-54.4100;-44.8900;-9.5200
1361.0000;-54.4400;-44.9800;-9.4600
1361.1000;-54.4700;-45.0800;-9.3900
1361.2000;-54.5200;-45.1900;-9.3300
1361.3000;-54.5500;-45.2800;-9.2700
1361.4000;-54.5800;-45.3600;-9.2200
1361.5000;-54.6000;-45.4400;-9.1600
1361.6000;-54.6200;-45.5100;-9.1100
1361.7000;-54.6300;-45.5800;-9.0500
1361.8000;-54.6600;-45.6700;-8.9900
1361.9000;-54.7200;-45.7800;-8.9400
1362.0000;-54.7800;-45.8900;-8.8900
1362.1000;-54.8300;-45.9800;-8.8500
1362.2000;-54.8700;-46.0800;-8.7900
1362.3000;-54.9100;-46.1700;-8.7400
1362.4000;-54.9400;-46.2500;-8.6900
1362.5000;-54.9500;-46.3200;-8.6300
1362.6000;-54.9600;-46.3700;-8.5900
1362.7000;-54.9400;-46.4000;-8.5400
1362.8000;-54.8900;-46.3900;-8.5000
1362.9000;-54.8100;-46.3600;-8.4500
1363.0000;-54.7400;-46.3300;-8.4100
1363.1000;-54.6700;-46.3100;-8.3600
1363.2000;-54.6000;-46.2800;-8.3200
1363.3000;-54.5300;-46.2500;-8.2800
1363.4000;-54.4800;-46.2500;-8.2300
1363.5000;-54.4400;-46.2500;-8.1900
1363.6000;-54.4100;-46.2600;-8.1500
1363.7000;-54.4100;-46.3000;-8.1100
1363.8000;-54.4300;-46.3600;-8.0700
1363.9000;-54.4600;-46.4200;-8.0400
1364.0000;-54.5000;-46.5000;-8.0000
1364.1000;-54.5600;-46.6000;-7.9600
1364.2000;-54.6400;-46.7100;-7.9300
1364.3000;-54.7300;-46.8300;-7.9000
1364.4000;-54.8200;-46.9500;-7.8700
1364.5000;-54.9100;-47.0700;-7.8400
1364.6000;-54.9900;-47.1800;-7.8100
1364.7000;-55.0600;-47.2800;-7.7800
1364.8000;-55.1400;-47.3800;-7.7600
1364.9000;-55.2100;-47.4700;-7.7400
1365.0000;-55.2600;-47.5400;-7.7200
1365.1000;-55.2800;-47.5800;-7.7000
1365.2000;-55.2800;-47.6000;-7.6800
1365.3000;-55.2800;-47.6200;-7.6600
1365.4000;-55.2700;-47.6300;-7.6400
1365.5000;-55.2700;-47.6300;-7.6400
1365.6000;-55.2600;-47.6400;-7.6200
1365.7000;-55.2600;-47.6500;-7.6100
1365.8000;-55.2500;-47.6500;-7.6000
1365.9000;-55.2400;-47.6500;-7.5900
1366.0000;-55.2400;-47.6600;-7.5800
1366.1000;-55.2400;-47.6800;-7.5600
1366.2000;-55.2500;-47.6900;-7.5600
1366.3000;-55.2700;-47.7200;-7.5500
1366.4000;-55.3000;-47.7500;-7.5500
1366.5000;-55.3300;-47.7900;-7.5400
1366.6000;-55.3700;-47.8400;-7.5300
1366.7000;-55.4200;-47.8900;-7.5300
1366.8000;-55.4800;-47.9400;-7.5400
1366.9000;-55.5500;-48.0100;-7.5400
1367.0000;-55.6300;-48.0800;-7.5500
1367.1000;-55.7100;-48.1600;-7.5500
1367.2000;-55.7900;-48.2300;-7.5600
1367.3000;-55.8800;-48.3100;-7.5700
1367.4000;-55.9700;-48.3900;-7.5800
1367.5000;-56.0500;-48.4600;-7.5900
1367.6000;-56.1400;-48.5400;-7.6000
1367.7000;-56.2400;-48.6200;-7.6200
1367.8000;-56.3200;-48.6800;-7.6400
1367.9000;-56.4000;-48.7500;-7.6500
1368.0000;-56.5000;-48.8200;-7.6800
1368.1000;-56.5900;-48.8900;-7.7000
1368.2000;-56.6800;-48.9600;-7.7200
1368.3000;-56.7600;-49.0100;-7.7500
1368.4000;-56.8300;-49.0600;-7.7700
1368.5000;-56.9000;-49.1000;-7.8000
1368.6000;-56.9700;-49.1400;-7.8300
1368.7000;-57.0400;-49.1700;-7.8700
1368.8000;-57.1100;-49.2000;-7.9100
1368.9000;-57.1600;-49.2200;-7.9400
1369.0000;-57.2000;-49.2100;-7.9900
1369.1000;-57.2300;-49.2100;-8.0200
1369.2000;-57.2600;-49.2000;-8.0600
1369.3000;-57.3100;-49.2100;-8.1000
1369.4000;-57.3800;-49.2300;-8.1500
1369.5000;-57.4500;-49.2600;-8.1900
1369.6000;-57.5300;-49.2900;-8.2400
1369.7000;-57.6100;-49.3300;-8.2800
1369.8000;-57.7100;-49.3800;-8.3300
1369.9000;-57.8200;-49.4400;-8.3800
1370.0000;-57.9400;-49.5100;-8.4300
1370.1000;-58.0600;-49.5700;-8.4900
1370.2000;-58.1800;-49.6200;-8.5600
1370.3000;-58.2900;-49.6700;-8.6200
1370.4000;-58.3900;-49.7300;-8.6600
1370.5000;-58.5100;-49.7800;-8.7300
1370.6000;-58.6300;-49.8400;-8.7900
1370.7000;-58.7500;-49.9000;-8.8500
1370.8000;-58.8800;-49.9600;-8.9200
1370.9000;-59.0100;-50.0300;-8.9800
1371.0000;-59.1400;-50.0900;-9.0500
1371.1000;-59.2800;-50.1500;-9.1300
1371.2000;-59.4100;-50.2000;-9.2100
1371.3000;-59.5300;-50.2400;-9.2900
1371.4000;-59.6400;-50.2600;-9.3800
1371.5000;-59.7400;-50.2700;-9.4700
1371.6000;-59.8300;-50.2900;-9.5400
1371.7000;-59.9300;-50.3000;-9.6300
1371.8000;-60.0300;-50.3200;-9.7100
1371.9000;-60.1400;-50.3400;-9.8000
1372.0000;-60.2500;-50.3700;-9.8800
1372.1000;-60.3600;-50.3900;-9.9700
1372.2000;-60.4900;-50.4300;-10.0600
1372.3000;-60.6300;-50.4700;-10.1600
1372.4000;-60.7700;-50.5100;-10.2600
1372.5000;-60.9000;-50.5500;-10.3500
1372.6000;-61.0300;-50.5700;-10.4600
1372.7000;-61.1500;-50.5900;-10.5600
1372.8000;-61.2700;-50.6100;-10.6600
1372.9000;-61.4000;-50.6300;-10.7700
1373.0000;-61.5200;-50.6600;-10.8600
1373.1000;-61.6600;-50.6800;-10.9800
1373.2000;-61.8000;-50.7100;-11.0900
1373.3000;-61.9400;-50.7400;-11.2000
1373.4000;-62.0900;-50.7700;-11.3200
1373.5000;-62.2400;-50.8100;-11.4300
1373.6000;-62.4000;-50.8500;-11.5500
1373.7000;-62.5600;-50.8800;-11.6800
1373.8000;-62.7100;-50.9200;-11.7900
1373.9000;-62.8700;-50.9500;-11.9200
1374.0000;-63.0300;-50.9800;-12.0500
1374.1000;-63.2000;-51.0200;-12.1800
1374.2000;-63.3600;-51.0500;-12.3100
1374.3000;-63.5300;-51.0900;-12.4400
1374.4000;-63.7100;-51.1400;-12.5700
1374.5000;-63.8900;-51.1900;-12.7000
1374.6000;-64.0800;-51.2400;-12.8400
1374.7000;-64.2700;-51.2900;-12.9800
1374.8000;-64.4600;-51.3400;-13.1200
1374.9000;-64.6500;-51.3800;-13.2700
1375.0000;-64.8400;-51.4200;-13.4200
1375.1000;-65.0300;-51.4600;-13.5700
1375.2000;-65.2100;-51.5000;-13.7100
1375.3000;-65.3900;-51.5300;-13.8600
1375.4000;-65.5700;-51.5600;-14.0100
1375.5000;-65.7600;-51.5800;-14.1800
1375.6000;-65.9400;-51.6100;-14.3300
1375.7000;-66.1200;-51.6400;-14.4800
1375.8000;-66.3100;-51.6700;-14.6400
1375.9000;-66.4900;-51.7000;-14.7900
1376.0000;-66.6900;-51.7400;-14.9500
1376.1000;-66.8900;-51.7800;-15.1100
1376.2000;-67.0900;-51.8100;-15.2800
1376.3000;-67.3100;-51.8500;-15.4600
1376.4000;-67.5300;-51.9000;-15.6300
1376.5000;-67.7300;-51.9500;-15.7800
1376.6000;-67.9500;-52.0000;-15.9500
1376.7000;-68.1700;-52.0500;-16.1200
1376.8000;-68.3900;-52.1000;-16.2900
1376.9000;-68.6200;-52.1500;-16.4700
1377.0000;-68.8400;-52.2000;-16.6400
1377.1000;-69.0500;-52.2500;-16.8000
1377.2000;-69.2700;-52.2900;-16.9800
1377.3000;-69.4700;-52.3300;-17.1400
1377.4000;-69.6600;-52.3500;-17.3100
1377.5000;-69.8500;-52.3700;-17.4800
1377.6000;-70.0200;-52.3800;-17.6400
1377.7000;-70.1900;-52.3900;-17.8000
1377.8000;-70.3500;-52.3900;-17.9600
1377.9000;-70.5100;-52.4000;-18.1100
1378.0000;-70.6700;-52.4300;-18.2400
1378.1000;-70.8600;-52.4600;-18.4000
1378.2000;-71.0400;-52.5000;-18.5400
1378.3000;-71.2000;-52.5600;-18.6400
1378.4000;-71.3900;-52.6200;-18.7700
1378.5000;-71.6000;-52.6900;-18.9100
1378.6000;-71.7900;-52.7600;-19.0300
1378.7000;-71.9500;-52.8300;-19.1200
1378.8000;-72.1100;-52.8900;-19.2200
1378.9000;-72.2900;-52.9400;-19.3500
1379.0000;-72.4300;-52.9800;-19.4500
1379.1000;-72.5300;-53.0100;-19.5200
1379.2000;-72.6400;-53.0300;-19.6100
1379.3000;-72.7700;-53.0300;-19.7400
1379.4000;-72.8400;-53.0300;-19.8100
1379.5000;-72.9000;-53.0300;-19.8700
1379.6000;-72.9800;-53.0300;-19.9500
1379.7000;-73.0800;-53.0400;-20.0400
1379.8000;-73.1700;-53.0500;-20.1200
1379.9000;-73.2400;-53.0800;-20.1600
1380.0000;-73.3200;-53.1300;-20.1900
1380.1000;-73.4300;-53.2000;-20.2300
1380.2000;-73.5500;-53.3000;-20.2500
1380.3000;-73.6900;-53.4200;-20.2700
1380.4000;-73.8500;-53.5300;-20.3200
1380.5000;-73.9900;-53.6600;-20.3300
1380.6000;-74.1000;-53.7800;-20.3200
1380.7000;-74.2000;-53.8900;-20.3100
1380.8000;-74.3000;-53.9900;-20.3100
1380.9000;-74.3900;-54.0800;-20.3100
1381.0000;-74.4600;-54.1200;-20.3400
1381.1000;-74.5100;-54.1200;-20.3900
1381.2000;-74.4700;-54.0900;-20.3800
1381.3000;-74.4000;-54.0500;-20.3500
1381.4000;-74.3200;-54.0000;-20.3200
1381.5000;-74.2200;-53.9500;-20.2700
1381.6000;-74.1800;-53.8900;-20.2900
1381.7000;-74.1200;-53.8500;-20.2700
1381.8000;-74.0600;-53.8200;-20.2400
1381.9000;-74.0300;-53.8200;-20.2100
1382.0000;-74.0000;-53.8500;-20.1500
1382.1000;-73.9900;-53.9200;-20.0700
1382.2000;-74.0300;-54.0200;-20.0100
1382.3000;-74.0900;-54.1300;-19.9600
1382.4000;-74.2000;-54.2500;-19.9500
1382.5000;-74.3200;-54.3900;-19.9300
1382.6000;-74.4100;-54.5200;-19.8900
1382.7000;-74.5200;-54.6300;-19.8900
1382.8000;-74.5900;-54.7300;-19.8600
1382.9000;-74.6000;-54.8000;-19.8000
1383.0000;-74.5800;-54.8300;-19.7500
1383.1000;-74.5400;-54.8200;-19.7200
1383.2000;-74.4800;-54.7900;-19.6900
1383.3000;-74.4000;-54.7500;-19.6500
1383.4000;-74.3000;-54.7000;-19.6000
1383.5000;-74.2000;-54.6500;-19.5500
1383.6000;-74.0900;-54.6000;-19.4900
1383.7000;-74.0000;-54.5800;-19.4200
1383.8000;-73.9300;-54.5600;-19.3700
1383.9000;-73.8900;-54.5500;-19.3400
1384.0000;-73.8700;-54.5600;-19.3100
1384.1000;-73.8500;-54.5800;-19.2700
1384.2000;-73.8300;-54.5900;-19.2400
1384.3000;-73.8300;-54.6000;-19.2300
1384.4000;-73.8100;-54.6100;-19.2000
1384.5000;-73.8100;-54.6300;-19.1800
1384.6000;-73.8300;-54.6700;-19.1600
1384.7000;-73.8300;-54.7100;-19.1200
1384.8000;-73.8500;-54.7500;-19.1000
1384.9000;-73.8800;-54.8000;-19.0800
1385.0000;-73.8900;-54.8500;-19.0400
1385.1000;-73.8800;-54.8900;-18.9900
1385.2000;-73.8800;-54.9500;-18.9300
1385.3000;-73.8700;-54.9900;-18.8800
1385.4000;-73.8400;-55.0300;-18.8100
1385.5000;-73.8200;-55.0500;-18.7700
1385.6000;-73.8200;-55.0500;-18.7700
1385.7000;-73.7900;-55.0500;-18.7400
1385.8000;-73.7500;-55.0600;-18.6900
1385.9000;-73.7600;-55.0600;-18.7000
1386.0000;-73.7700;-55.0700;-18.7000
1386.1000;-73.7900;-55.0800;-18.7100
1386.2000;-73.7700;-55.0900;-18.6800
1386.3000;-73.7300;-55.1000;-18.6300
1386.4000;-73.7100;-55.1100;-18.6000
1386.5000;-73.7000;-55.1300;-18.5700
1386.6000;-73.6800;-55.1500;-18.5300
1386.7000;-73.6800;-55.1600;-18.5200
1386.8000;-73.6900;-55.1700;-18.5200
1386.9000;-73.6700;-55.1800;-18.4900
1387.0000;-73.6500;-55.1900;-18.4600
1387.1000;-73.6500;-55.2000;-18.4500
1387.2000;-73.6900;-55.2200;-18.4700
1387.3000;-73.7300;-55.2500;-18.4800
1387.4000;-73.7500;-55.3000;-18.4500
1387.5000;-73.7800;-55.3500;-18.4300
1387.6000;-73.8100;-55.4100;-18.4000
1387.7000;-73.8400;-55.4800;-18.3600
1387.8000;-73.9100;-55.5600;-18.3500
1387.9000;-73.9700;-55.6400;-18.3300
1388.0000;-74.0100;-55.7300;-18.2800
1388.1000;-74.0500;-55.8000;-18.2500
1388.2000;-74.0800;-55.8500;-18.2300
1388.3000;-74.1100;-55.8900;-18.2200
1388.4000;-74.1600;-55.9000;-18.2600
1388.5000;-74.1800;-55.9100;-18.2700
1388.6000;-74.1800;-55.9100;-18.2700
1388.7000;-74.1700;-55.8900;-18.2800
1388.8000;-74.1200;-55.8600;-18.2600
1388.9000;-74.0500;-55.8300;-18.2200
1389.0000;-73.9900;-55.8000;-18.1900
1389.1000;-73.9400;-55.7800;-18.1600
1389.2000;-73.9200;-55.7700;-18.1500
1389.3000;-73.9100;-55.7800;-18.1300
1389.4000;-73.8900;-55.7900;-18.1000
1389.5000;-73.8500;-55.8100;-18.0400
1389.6000;-73.8200;-55.8300;-17.9900
1389.7000;-73.8300;-55.8600;-17.9700
1389.8000;-73.8300;-55.9000;-17.9300
1389.9000;-73.8300;-55.9300;-17.9000
1390.0000;-73.8500;-55.9600;-17.8900
1390.1000;-73.8700;-55.9900;-17.8800
1390.2000;-73.8600;-56.0200;-17.8400
1390.3000;-73.8700;-56.0400;-17.8300
1390.4000;-73.9000;-56.0500;-17.8500
1390.5000;-73.9600;-56.0700;-17.8900
1390.6000;-73.9900;-56.0900;-17.9000
1390.7000;-73.9700;-56.1000;-17.8700
1390.8000;-73.9800;-56.1200;-17.8600
1390.9000;-74.0000;-56.1400;-17.8600
1391.0000;-74.0200;-56.1500;-17.8700
1391.1000;-74.0200;-56.1700;-17.8500
1391.2000;-74.0100;-56.2000;-17.8100
1391.3000;-73.9800;-56.2200;-17.7600
1391.4000;-73.9600;-56.2500;-17.7100
1391.5000;-73.9200;-56.2700;-17.6500
1391.6000;-73.9000;-56.3000;-17.6000
1391.7000;-73.9500;-56.3400;-17.6100
1391.8000;-74.0000;-56.3800;-17.6200
1391.9000;-74.0700;-56.4300;-17.6400
1392.0000;-74.1200;-56.5000;-17.6200
1392.1000;-74.1700;-56.5800;-17.5900
1392.2000;-74.2600;-56.6600;-17.6000
1392.3000;-74.3800;-56.7500;-17.6300
1392.4000;-74.5200;-56.8300;-17.6900
1392.5000;-74.6400;-56.9100;-17.7300
1392.6000;-74.7300;-56.9700;-17.7600
1392.7000;-74.7900;-57.0100;-17.7800
1392.8000;-74.8200;-57.0400;-17.7800
1392.9000;-74.8400;-57.0400;-17.8000
1393.0000;-74.8500;-57.0200;-17.8300
1393.1000;-74.8400;-56.9800;-17.8600
1393.2000;-74.7900;-56.9400;-17.8500
1393.3000;-74.7300;-56.9000;-17.8300
1393.4000;-74.6600;-56.8700;-17.7900
1393.5000;-74.6100;-56.8400;-17.7700
1393.6000;-74.5700;-56.8300;-17.7400
1393.7000;-74.5400;-56.8200;-17.7200
1393.8000;-74.5500;-56.8200;-17.7300
1393.9000;-74.5500;-56.8400;-17.7100
1394.0000;-74.5200;-56.8600;-17.6600
1394.1000;-74.5000;-56.8900;-17.6100
1394.2000;-74.5400;-56.9200;-17.6200
1394.3000;-74.5800;-56.9500;-17.6300
1394.4000;-74.6100;-56.9900;-17.6200
1394.5000;-74.6900;-57.0400;-17.6500
1394.6000;-74.7800;-57.1000;-17.6800
1394.7000;-74.8300;-57.1600;-17.6700
1394.8000;-74.8500;-57.2200;-17.6300
1394.9000;-74.8400;-57.2900;-17.5500
1395.0000;-74.8500;-57.3600;-17.4900
1395.1000;-74.9100;-57.4300;-17.4800
1395.2000;-74.9600;-57.5000;-17.4600
1395.3000;-74.9800;-57.5600;-17.4200
1395.4000;-74.9700;-57.6000;-17.3700
1395.5000;-74.9400;-57.6200;-17.3200
1395.6000;-74.9200;-57.6300;-17.2900
1395.7000;-74.9000;-57.6400;-17.2600
1395.8000;-74.8600;-57.6400;-17.2200
1395.9000;-74.8700;-57.6600;-17.2100
1396.0000;-74.9500;-57.6800;-17.2700
1396.1000;-75.0400;-57.7000;-17.3400
1396.2000;-75.1000;-57.7300;-17.3700
1396.3000;-75.1200;-57.7700;-17.3500
1396.4000;-75.1700;-57.8100;-17.3600
1396.5000;-75.2100;-57.8500;-17.3600
1396.6000;-75.2300;-57.8800;-17.3500
1396.7000;-75.2400;-57.9100;-17.3300
1396.8000;-75.3000;-57.9200;-17.3800
1396.9000;-75.3500;-57.9200;-17.4300
1397.0000;-75.3500;-57.9000;-17.4500
1397.1000;-75.2800;-57.8800;-17.4000
1397.2000;-75.1700;-57.8500;-17.3200
1397.3000;-75.1200;-57.8100;-17.3100
1397.4000;-75.0400;-57.7900;-17.2500
1397.5000;-74.9500;-57.7700;-17.1800
1397.6000;-74.9200;-57.7500;-17.1700
1397.7000;-74.9100;-57.7500;-17.1600
1397.8000;-74.8500;-57.7500;-17.1000
1397.9000;-74.8100;-57.7600;-17.0500
1398.0000;-74.7800;-57.7800;-17.0000
1398.1000;-74.7600;-57.7900;-16.9700
1398.2000;-74.7300;-57.8100;-16.9200
1398.3000;-74.6900;-57.8300;-16.8600
1398.4000;-74.6900;-57.8500;-16.8400
1398.5000;-74.6800;-57.8700;-16.8100
1398.6000;-74.6300;-57.9000;-16.7300
1398.7000;-74.5700;-57.9200;-16.6500
1398.8000;-74.5500;-57.9500;-16.6000
1398.9000;-74.5300;-57.9700;-16.5600
1399.0000;-74.5200;-58.0100;-16.5100
1399.1000;-74.5500;-58.0500;-16.5000
1399.2000;-74.6000;-58.1000;-16.5000
1399.3000;-74.6600;-58.1500;-16.5100
1399.4000;-74.6900;-58.2000;-16.4900
1399.5000;-74.7200;-58.2600;-16.4600
1399.6000;-74.7900;-58.3100;-16.4800
1399.7000;-74.8800;-58.3700;-16.5100
1399.8000;-74.9700;-58.4200;-16.5500
1399.9000;-75.0200;-58.4600;-16.5600
1400.0000;-75.0500;-58.4900;-16.5600
1400.1000;-75.0700;-58.5200;-16.5500
1400.2000;-75.1000;-58.5700;-16.5300
1400.3000;-75.1500;-58.6100;-16.5400
1400.4000;-75.2200;-58.6600;-16.5600
1400.5000;-75.2500;-58.7000;-16.5500
1400.6000;-75.2300;-58.7400;-16.4900
1400.7000;-75.2200;-58.7600;-16.4600
1400.8000;-75.1800;-58.7900;-16.3900
1400.9000;-75.1200;-58.8300;-16.2900
1401.0000;-75.0700;-58.8500;-16.2200
1401.1000;-75.0100;-58.8600;-16.1500
1401.2000;-74.9700;-58.8500;-16.1200
1401.3000;-74.9600;-58.8400;-16.1200
1401.4000;-74.9500;-58.8300;-16.1200
1401.5000;-74.9100;-58.8100;-16.1000
1401.6000;-74.8800;-58.7900;-16.0900
1401.7000;-74.8300;-58.7800;-16.0500
1401.8000;-74.7800;-58.7700;-16.0100
1401.9000;-74.7800;-58.7600;-16.0200
1402.0000;-74.7800;-58.7500;-16.0300
1402.1000;-74.7900;-58.7500;-16.0400
1402.2000;-74.7700;-58.7400;-16.0300
1402.3000;-74.7000;-58.7400;-15.9600
1402.4000;-74.6600;-58.7300;-15.9300
1402.5000;-74.6800;-58.7400;-15.9400
1402.6000;-74.6900;-58.7500;-15.9400
1402.7000;-74.6800;-58.7600;-15.9200
1402.8000;-74.7200;-58.7800;-15.9400
1402.9000;-74.7700;-58.8000;-15.9700
1403.0000;-74.8000;-58.8300;-15.9700
1403.1000;-74.8500;-58.8500;-16.0000
1403.2000;-74.8800;-58.8700;-16.0100
1403.3000;-74.8800;-58.9000;-15.9800
1403.4000;-74.8600;-58.9200;-15.9400
1403.5000;-74.8400;-58.9400;-15.9000
1403.6000;-74.8600;-58.9600;-15.9000
1403.7000;-74.8900;-58.9900;-15.9000
1403.8000;-74.9600;-59.0100;-15.9500
1403.9000;-75.0100;-59.0400;-15.9700
1404.0000;-75.0200;-59.0700;-15.9500
1404.1000;-75.0100;-59.1000;-15.9100
1404.2000;-75.0400;-59.1300;-15.9100
1404.3000;-75.1400;-59.1700;-15.9700
1404.4000;-75.2800;-59.2300;-16.0500
1404.5000;-75.3600;-59.3100;-16.0500
1404.6000;-75.4600;-59.3900;-16.0700
1404.7000;-75.5900;-59.4600;-16.1300
1404.8000;-75.6600;-59.5300;-16.1300
1404.9000;-75.6800;-59.5900;-16.0900
1405.0000;-75.7300;-59.6400;-16.0900
1405.1000;-75.8200;-59.6900;-16.1300
1405.2000;-75.9000;-59.7100;-16.1900
1405.3000;-75.8800;-59.7100;-16.1700
1405.4000;-75.8400;-59.6900;-16.1500
1405.5000;-75.8700;-59.6500;-16.2200
1405.6000;-75.8800;-59.6100;-16.2700
1405.7000;-75.8200;-59.5700;-16.2500
1405.8000;-75.7200;-59.5300;-16.1900
1405.9000;-75.6900;-59.4900;-16.2000
1406.0000;-75.7300;-59.4700;-16.2600
1406.1000;-75.7600;-59.4500;-16.3100
1406.2000;-75.7300;-59.4600;-16.2700
1406.3000;-75.7400;-59.4800;-16.2600
1406.4000;-75.7800;-59.5100;-16.2700
1406.5000;-75.8000;-59.5500;-16.2500
1406.6000;-75.8500;-59.5800;-16.2700
1406.7000;-75.9200;-59.6300;-16.2900
1406.8000;-76.0300;-59.6800;-16.3500
1406.9000;-76.1100;-59.7300;-16.3800
1407.0000;-76.1700;-59.7900;-16.3800
1407.1000;-76.2400;-59.8400;-16.4000
1407.2000;-76.3400;-59.8800;-16.4600
1407.3000;-76.4600;-59.9100;-16.5500
1407.4000;-76.5500;-59.9300;-16.6200
1407.5000;-76.5900;-59.9500;-16.6400
1407.6000;-76.6200;-59.9600;-16.6600
1407.7000;-76.6800;-59.9600;-16.7200
1407.8000;-76.6900;-59.9500;-16.7400
1407.9000;-76.6700;-59.9300;-16.7400
1408.0000;-76.6300;-59.9200;-16.7100
1408.1000;-76.5900;-59.9000;-16.6900
1408.2000;-76.5900;-59.8900;-16.7000
1408.3000;-76.5800;-59.8900;-16.6900
1408.4000;-76.5800;-59.8900;-16.6900
1408.5000;-76.6400;-59.9100;-16.7300
1408.6000;-76.7200;-59.9200;-16.8000
1408.7000;-76.7400;-59.9500;-16.7900
1408.8000;-76.8400;-59.9800;-16.8600
1408.9000;-77.0100;-60.0300;-16.9800
1409.0000;-77.1900;-60.0800;-17.1100
1409.1000;-77.3800;-60.1400;-17.2400
1409.2000;-77.4200;-60.2000;-17.2200
1409.3000;-77.4400;-60.2500;-17.1900
1409.4000;-77.5200;-60.3000;-17.2200
1409.5000;-77.5500;-60.3400;-17.2100
1409.6000;-77.6000;-60.3800;-17.2200
1409.7000;-77.6800;-60.4000;-17.2800
1409.8000;-77.7500;-60.4100;-17.3400
1409.9000;-77.7800;-60.4000;-17.3800
1410.0000;-77.7700;-60.3900;-17.3800
1410.1000;-77.6700;-60.3700;-17.3000
1410.2000;-77.6200;-60.3500;-17.2700
1410.3000;-77.6400;-60.3300;-17.3100
1410.4000;-77.6500;-60.3200;-17.3300
1410.5000;-77.5900;-60.3000;-17.2900
1410.6000;-77.4900;-60.3000;-17.1900
1410.7000;-77.4300;-60.3000;-17.1300
1410.8000;-77.3400;-60.3100;-17.0300
1410.9000;-77.2800;-60.3200;-16.9600
1411.0000;-77.2700;-60.3400;-16.9300
1411.1000;-77.3300;-60.3600;-16.9700
1411.2000;-77.4400;-60.3700;-17.0700
1411.3000;-77.5100;-60.3800;-17.1300
1411.4000;-77.5800;-60.4000;-17.1800
1411.5000;-77.7200;-60.4200;-17.3000
1411.6000;-77.7900;-60.4300;-17.3600
1411.7000;-77.7500;-60.4500;-17.3000
1411.8000;-77.8200;-60.4700;-17.3500
1411.9000;-77.9500;-60.4900;-17.4600
1412.0000;-78.0200;-60.5200;-17.5000
1412.1000;-78.0100;-60.5400;-17.4700
1412.2000;-77.9600;-60.5600;-17.4000
1412.3000;-77.9300;-60.5800;-17.3500
1412.4000;-77.8300;-60.6000;-17.2300
1412.5000;-77.8100;-60.6200;-17.1900
1412.6000;-77.9200;-60.6400;-17.2800
1412.7000;-78.0200;-60.6500;-17.3700
1412.8000;-78.0300;-60.6600;-17.3700
1412.9000;-77.9900;-60.6600;-17.3300
1413.0000;-77.9700;-60.6700;-17.3000
1413.1000;-77.8900;-60.6800;-17.2100
1413.2000;-77.8300;-60.7000;-17.1300
1413.3000;-77.8100;-60.7100;-17.1000
1413.4000;-77.8500;-60.7300;-17.1200
1413.5000;-77.8400;-60.7500;-17.0900
1413.6000;-77.7900;-60.7900;-17.0000
1413.7000;-77.7800;-60.8300;-16.9500
1413.8000;-77.8100;-60.8700;-16.9400
1413.9000;-77.8100;-60.9100;-16.9000
1414.0000;-77.8200;-60.9600;-16.8600
1414.1000;-77.8700;-61.0000;-16.8700
1414.2000;-77.9200;-61.0500;-16.8700
1414.3000;-77.9200;-61.0900;-16.8300
1414.4000;-77.9300;-61.1300;-16.8000
1414.5000;-77.9600;-61.1600;-16.8000
1414.6000;-77.9900;-61.1700;-16.8200
1414.7000;-77.9500;-61.1800;-16.7700
1414.8000;-77.9100;-61.1800;-16.7300
1414.9000;-77.9000;-61.1800;-16.7200
1415.0000;-77.8400;-61.1800;-16.6600
1415.1000;-77.8700;-61.1700;-16.7000
1415.2000;-77.9800;-61.1600;-16.8200
1415.3000;-78.0300;-61.1500;-16.8800
1415.4000;-78.0300;-61.1500;-16.8800
1415.5000;-77.9900;-61.1500;-16.8400
1415.6000;-77.9100;-61.1500;-16.7600
1415.7000;-77.9300;-61.1600;-16.7700
1415.8000;-77.9300;-61.1600;-16.7700
1415.9000;-77.9100;-61.1700;-16.7400
1416.0000;-78.0000;-61.1800;-16.8200
1416.1000;-78.0300;-61.1900;-16.8400
1416.2000;-77.9900;-61.2000;-16.7900
1416.3000;-77.9900;-61.2100;-16.7800
1416.4000;-78.0000;-61.2200;-16.7800
1416.5000;-77.9900;-61.2400;-16.7500
1416.6000;-78.0600;-61.2500;-16.8100
1416.7000;-78.0500;-61.2700;-16.7800
1416.8000;-78.0600;-61.2900;-16.7700
1416.9000;-78.0400;-61.3000;-16.7400
1417.0000;-77.8900;-61.3200;-16.5700
1417.1000;-77.8600;-61.3500;-16.5100
1417.2000;-77.9400;-61.3700;-16.5700
1417.3000;-78.0000;-61.3900;-16.6100
1417.4000;-77.9600;-61.4200;-16.5400
1417.5000;-77.8900;-61.4400;-16.4500
1417.6000;-77.9000;-61.4600;-16.4400
1417.7000;-77.9500;-61.4800;-16.4700
1417.8000;-77.9200;-61.4900;-16.4300
1417.9000;-77.9200;-61.5100;-16.4100
1418.0000;-78.0500;-61.5100;-16.5400
1418.1000;-78.0400;-61.5300;-16.5100
1418.2000;-77.9200;-61.5400;-16.3800
1418.3000;-77.8600;-61.5600;-16.3000
1418.4000;-77.9100;-61.5800;-16.3300
1418.5000;-77.9900;-61.6000;-16.3900
1418.6000;-77.9200;-61.6300;-16.2900
1418.7000;-77.8100;-61.6500;-16.1600
1418.8000;-77.7600;-61.6800;-16.0800
1418.9000;-77.7400;-61.7200;-16.0200
1419.0000;-77.6600;-61.7500;-15.9100
1419.1000;-77.6000;-61.7800;-15.8200
1419.2000;-77.6000;-61.8000;-15.8000
1419.3000;-77.5600;-61.8200;-15.7400
1419.4000;-77.4900;-61.8300;-15.6600
1419.5000;-77.4700;-61.8400;-15.6300
1419.6000;-77.5000;-61.8400;-15.6600
1419.7000;-77.5700;-61.8500;-15.7200
1419.8000;-77.6300;-61.8600;-15.7700
1419.9000;-77.6800;-61.8600;-15.8200
1420.0000;-77.8000;-61.8700;-15.9300
1420.1000;-77.8700;-61.8700;-16.0000
1420.2000;-77.8500;-61.8800;-15.9700
1420.3000;-77.8700;-61.8900;-15.9800
1420.4000;-77.9600;-61.9000;-16.0600
1420.5000;-78.0600;-61.9100;-16.1500
1420.6000;-78.0700;-61.9200;-16.1500
1420.7000;-78.0800;-61.9300;-16.1500
1420.8000;-78.1400;-61.9400;-16.2000
1420.9000;-78.1600;-61.9600;-16.2000
1421.0000;-78.1300;-61.9700;-16.1600
1421.1000;-78.1400;-61.9800;-16.1600
1421.2000;-78.2100;-61.9900;-16.2200
1421.3000;-78.2200;-62.0000;-16.2200
1421.4000;-78.0800;-62.0100;-16.0700
1421.5000;-77.9900;-62.0300;-15.9600
1421.6000;-77.9700;-62.0400;-15.9300
1421.7000;-77.8900;-62.0500;-15.8400
1421.8000;-77.8700;-62.0600;-15.8100
1421.9000;-77.9200;-62.0700;-15.8500
1422.0000;-77.9100;-62.0900;-15.8200
1422.1000;-77.8800;-62.1000;-15.7800
1422.2000;-77.8700;-62.1200;-15.7500
1422.3000;-77.9000;-62.1400;-15.7600
1422.4000;-78.0000;-62.1500;-15.8500
1422.5000;-78.1000;-62.1700;-15.9300
1422.6000;-78.2100;-62.1900;-16.0200
1422.7000;-78.2600;-62.2000;-16.0600
1422.8000;-78.2200;-62.2200;-16.0000
1422.9000;-78.1500;-62.2400;-15.9100
1423.0000;-78.0600;-62.2600;-15.8000
1423.1000;-77.9900;-62.2800;-15.7100
1423.2000;-77.9300;-62.3000;-15.6300
1423.3000;-77.8300;-62.3200;-15.5100
1423.4000;-77.7300;-62.3500;-15.3800
1423.5000;-77.6100;-62.3700;-15.2400
1423.6000;-77.5200;-62.4000;-15.1200
1423.7000;-77.5200;-62.4200;-15.1000
1423.8000;-77.5400;-62.4400;-15.1000
1423.9000;-77.5300;-62.4600;-15.0700
1424.0000;-77.5500;-62.4700;-15.0800
1424.1000;-77.5700;-62.4900;-15.0800
1424.2000;-77.6100;-62.5000;-15.1100
1424.3000;-77.6100;-62.5000;-15.1100
1424.4000;-77.5800;-62.5000;-15.0800
1424.5000;-77.5800;-62.5000;-15.0800
1424.6000;-77.6300;-62.5100;-15.1200
1424.7000;-77.6700;-62.5100;-15.1600
1424.8000;-77.6400;-62.5200;-15.1200
1424.9000;-77.6200;-62.5300;-15.0900
1425.0000;-77.6100;-62.5400;-15.0700
